holiday,show_place,类型_剧情,类型_动作,类型_犯罪,类型_悬疑,类型_爱情,类型_科幻,类型_喜剧,类型_冒险,类型_战争,类型_历史,类型_家庭,year,month,weekday,lasting_date,Avg_Review_Length,Weighted_Sentiment_Score,trend_slope,day_0,day_1, day_2, day_3,day_4,day_5,day_6,day_7,res_fc_feature
工作日,中国大陆,0,1,0,0,0,0,0,0,1,1,0,2019,6,4,43,36.1818181818182,1.77673583222245,-0.150694315223382,144.88,63.93,66.94,80.49,87.46,91.4,96.69,97.54,532.07654
工作日,中国大陆/中国台湾,1,0,0,0,1,0,0,0,0,0,0,2019,6,4,29,41.986183074266,2.08801788736898,0.0,471.91,307.47,215.02,100.39,95.18,93.04,105.02,16.46,989.4003
工作日,中国大陆,1,0,0,0,1,0,0,0,0,0,0,2019,6,3,55,59.9299145299145,2.22964889687202,0.0643500377263642,2519.72,5604.05,5474.92,4076.29,2373.4,2056.96,1783.19,1575.86,29217.453
工作日,中国大陆,0,0,1,1,0,0,0,0,0,0,0,2019,6,4,29,85.8697123519458,2.18062703443858,2.67506952579337,770.93,727.8,532.19,229.98,187.08,170.23,146.56,24.32,652.96594
劳动节,中国大陆,0,0,0,1,0,0,0,0,0,0,0,2021,5,5,31,80.388698630137,2.50206896648279,0.0,8073.79,4571.24,2994.31,2159.42,1278.76,439.4,369.63,445.91,12953.589
劳动节,中国香港/中国大陆,1,1,1,0,0,0,0,0,0,0,0,2021,5,5,45,61.8254237288136,2.50723029840139,0.0364769750312108,5467.21,3577.26,2989.9,2377.07,1760.84,1054.49,926.08,1096.01,9321.853
劳动节,中国大陆,0,0,0,0,0,0,1,0,0,0,0,2021,5,5,31,53.1836734693878,1.66433254478907,0.0689519002063975,2247.52,748.89,483.31,322.18,184.54,58.7,49.34,58.92,1003.55145
劳动节,中国大陆,1,1,1,0,0,0,0,0,0,0,0,2021,5,5,61,65.6853741496599,3.02817636320108,0.126410761924112,2065.11,2278.06,2399.95,2624.03,2111.66,1509.79,1986.67,3120.17,30094.713
劳动节,中国大陆/中国香港,0,0,0,0,0,0,1,0,0,0,0,2021,5,5,27,78.2859618717504,3.18026943403219,-4.48597845338221e-17,79.65,44.16,34.21,32.74,25.2,18.85,19.81,25.77,528.3538
工作日,中国大陆,1,0,0,0,1,0,0,0,0,0,0,2021,5,3,41,82.4055459272097,2.72204595419315,0.0257815901423811,9977.21,3160.06,3779.06,2756.74,1207.8,1023.3,946.02,937.32,28628.031
工作日,中国香港/中国大陆,0,0,0,0,1,0,1,0,0,0,0,2021,5,4,28,51.0477815699659,2.36697247444985,-0.0414511447756424,1073.08,834.08,521.4,211.87,164.85,152.53,138.87,12.13,1220.2672
劳动节,中国大陆/中国香港,0,1,0,0,0,0,0,0,0,0,0,2021,5,5,27,68.7469879518072,2.20421580155546,-0.0425597374804212,569.49,269.86,202.93,145.92,104.88,41.64,29.02,30.16,590.15106
工作日,中国大陆,0,0,0,0,1,0,1,0,0,0,0,2021,4,4,28,61.7677642980936,1.97644782338142,0.0,987.88,849.82,484.68,224.2,102.94,83.89,70.52,32.81,572.9724
工作日,中国大陆,0,0,0,0,1,0,0,0,0,0,0,2021,4,4,61,71.6511226252159,2.20015872414614,-0.315021811805249,14191.02,15482.93,12813.64,9883.02,7860.03,5191.9,2380.11,1756.72,75889.984
工作日,中国大陆,0,0,0,0,0,0,0,1,0,0,0,2021,4,4,21,58.5393835616438,2.6147011691885,-0.215641336168826,331.75,235.88,137.83,50.25,40.9,38.12,33.24,8.02,661.5163
工作日,中国大陆,1,0,0,0,0,0,0,0,0,0,1,2021,4,4,64,109.434563758389,2.66523518901273,-0.0265115508970767,6239.37,13766.2,14897.21,9230.9,3207.8,2617.45,2165.53,3199.81,66074.35
工作日,中国大陆,0,1,0,0,0,0,0,0,0,0,0,2021,4,4,34,65.8890784982935,2.16787734249324,-0.457110600163814,672.19,2076.0,2050.3,1422.53,191.62,170.36,146.51,193.11,736.6983
工作日,中国大陆,1,0,0,0,0,0,1,0,0,0,0,2021,4,4,30,98.4873949579832,3.60289152035243,-3.14018491736755e-16,1281.21,1192.9,928.75,593.81,244.11,244.37,227.03,205.66,1914.4332
工作日,中国大陆,1,0,0,0,0,0,0,0,0,0,0,2023,11,4,77,82.3149741824441,2.15323194520157,-0.0957009945065312,1221.82,1619.02,966.53,372.88,305.87,256.15,195.09,242.36,3199.368
工作日,中国大陆/中国香港,0,0,0,0,1,0,0,0,0,0,0,2023,11,4,28,37.7322695035461,2.16249205014051,-0.0283367834442385,343.85,201.9,67.71,31.51,25.82,21.31,14.52,2.36,698.7332
休息日,中国台湾,1,0,1,1,0,0,0,0,0,0,0,2023,11,5,29,84.7341337907376,3.22610193762161,0.0,893.94,431.84,148.36,121.39,98.89,91.24,53.65,90.66,753.87054
工作日,中国大陆,1,0,1,1,0,0,0,0,0,0,0,2023,11,2,58,77.3777403035413,2.36319842950718,-0.0461098730896905,1702.81,1771.97,3268.26,5985.56,3958.97,1465.35,1365.27,1396.51,45021.14
工作日,中国大陆,1,0,0,0,0,0,0,0,1,1,0,2023,11,4,35,36.8472222222222,2.06299248453428,-0.202604734820479,19.36,3.42,4.62,4.63,7.0,7.93,10.76,10.45,546.2264
工作日,中国大陆,1,0,0,0,0,0,0,0,0,1,0,2023,11,4,36,81.4131944444444,3.02524129956868,-0.28358543582383,71.62,270.69,244.54,13.13,11.69,13.02,11.27,6.99,779.5335
工作日,中国大陆/中国香港,1,0,0,0,0,0,0,0,0,0,0,2023,11,4,27,69.7106598984772,3.09621939565404,-0.0206750611553425,107.23,166.79,66.39,20.99,15.57,13.96,11.52,2.56,971.70074
工作日,中国大陆,1,0,0,1,0,0,0,0,0,0,0,2023,11,4,35,68.4348591549296,2.23079649257364,0.0629284123806767,1248.32,1580.42,774.15,261.74,246.92,219.41,162.2,88.07,492.43103
工作日,中国大陆,0,0,0,0,1,0,0,0,0,0,0,2020,12,4,32,53.3350427350427,1.60713102713834,0.0414091191048559,4949.17,6239.8,4289.94,2108.56,1697.79,1366.94,1223.26,1483.62,21076.844
工作日,中国大陆,0,0,0,0,1,0,0,0,0,0,0,2020,12,4,20,81.8965517241379,2.0657122177074,0.0,9520.03,7006.64,6094.44,3356.59,2836.83,2784.74,2465.22,3147.29,31705.434
工作日,中国大陆/中国香港,1,0,0,0,1,0,0,0,0,0,0,2020,12,3,30,42.7551020408163,1.87270147595734,0.464239823915936,3508.24,1631.83,848.16,405.18,162.62,117.21,113.39,40.78,1041.9674
工作日,中国大陆/中国香港,0,1,1,0,0,0,0,0,0,0,0,2020,12,3,49,110.782905982906,3.766792831672,0.0,7902.07,10656.75,12759.82,10541.29,4785.05,3940.72,3923.6,5487.58,109523.93
工作日,中国大陆,1,0,0,0,0,0,0,0,0,0,0,2020,12,3,42,72.0083752093802,3.54130094701513,-0.0724503267923609,23668.02,25647.97,17051.75,9802.14,4309.72,3733.69,3151.4,2628.89,101397.25
工作日,中国香港,1,1,1,0,0,0,0,0,0,0,0,2018,9,4,31,47.8330434782609,2.75779408091915,0.329042687916919,7369.15,7919.13,4985.26,3381.72,2629.26,2284.53,2000.88,1190.6,29128.22
工作日,中国大陆/中国香港,1,1,0,0,0,0,0,0,0,0,0,2018,9,6,60,109.195840554593,3.35097105602824,-0.0141469911125768,6615.65,8214.05,6982.17,6131.82,5133.56,4542.22,4408.64,3323.48,45930.207
工作日,中国大陆,0,1,1,0,0,0,0,0,0,0,0,2018,9,4,30,50.9123711340206,2.25198698760704,-0.153846153846154,4751.62,5404.89,5617.37,5442.8,2256.84,1955.67,1694.37,1611.39,17297.363
工作日,中国大陆,0,0,0,0,0,0,1,0,0,0,0,2018,9,6,61,54.7741379310345,2.04418881335242,0.0,10663.01,10867.02,8350.99,6284.42,4999.69,4166.86,3730.19,2581.76,47381.8
休息日,中国大陆,0,0,0,0,0,0,1,1,0,0,0,2018,9,5,30,36.6115843270869,3.09350410440347,0.41182973787813,853.73,962.79,1200.3,34.06,26.87,21.31,30.42,43.5,677.6374
工作日,中国大陆,1,0,0,0,1,0,0,0,0,0,0,2018,9,4,61,79.0657439446367,2.68212902623037,0.220076929695287,1279.59,2589.19,3969.05,4464.67,1939.93,1901.45,1701.56,1944.57,24991.24
工作日,中国大陆,1,0,0,0,0,0,0,0,0,0,0,2022,9,4,64,51.3848797250859,3.02169884313298,-0.14183479221251,1463.88,2359.27,2252.57,2028.23,1686.19,1466.49,1204.58,870.5,13029.048
工作日,中国大陆,1,0,0,0,0,0,1,0,0,0,0,2022,9,4,84,60.3713798977854,1.8472842028884,-0.0483787537872155,3164.13,6346.06,5133.78,2912.07,1004.24,822.79,773.85,979.83,39992.6
工作日,中国大陆,1,0,0,0,0,0,0,0,0,0,0,2022,9,4,62,58.6265060240964,3.00071970601324,-0.0699238511550558,965.76,1510.36,917.66,447.62,172.89,140.32,122.08,111.93,613.3102
中秋节,中国大陆,1,0,0,0,0,0,0,0,0,0,0,2022,9,5,61,111.018900343643,3.42246880264331,0.196185398223898,1344.04,1041.79,648.3,260.62,217.8,208.62,273.55,537.62,1874.0804
工作日,中国大陆,0,0,0,0,1,0,0,0,0,0,0,2022,9,4,31,39.3951473136915,2.15862368191389,0.188627197049733,80.7,124.76,65.09,25.95,20.99,18.55,15.95,16.54,755.5577
工作日,中国大陆,1,0,0,0,0,0,0,0,0,0,0,2022,9,4,80,82.8512110726644,2.99177306876619,-0.269892604438254,288.41,757.38,700.62,481.1,69.66,58.17,60.94,78.96,1229.8068
工作日,中国大陆,1,0,0,0,1,0,0,0,0,0,0,2023,5,4,35,88.7452006980803,3.285609313271,0.0,213.1,262.84,179.17,130.07,134.11,135.12,58.49,54.21,888.5661
工作日,中国大陆,0,0,0,0,0,0,0,0,0,0,0,2023,5,4,91,55.0687022900763,2.54247739187329,0.226132355487233,192.28,49.78,34.07,5.28,5.99,7.84,7.55,15.25,3854.4136
休息日,中国大陆,0,0,0,0,1,0,1,0,0,0,0,2023,5,5,32,45.9778534923339,2.83410010364989,-0.149206012936161,3551.44,798.89,173.44,123.28,107.52,85.14,40.52,83.83,507.62778
休息日,中国大陆,0,0,0,0,0,0,0,0,0,0,0,2022,7,5,32,55.0529914529915,3.31192501139517,-0.2,40.41,29.88,11.19,8.2,7.68,7.7,7.76,6.17,1380.3812
工作日,中国大陆,0,0,0,0,0,1,1,0,0,0,0,2022,7,4,55,66.427843803056,2.03244612556044,-0.114140294211425,2588.9,4588.46,3831.52,1365.82,1119.06,971.92,927.0,917.0,15969.993
工作日,中国大陆,1,0,0,0,0,0,0,0,0,0,0,2022,7,4,66,119.315254237288,3.84314543823349,0.0,34.93,56.43,64.48,39.98,49.75,55.91,58.25,50.52,2161.8381
工作日,中国香港/中国大陆,1,0,0,0,0,0,0,0,0,1,0,2022,7,4,27,103.244604316547,3.34590312083463,0.25,39.18,64.48,37.52,19.41,13.78,13.32,2.19,3.38,839.76605
工作日,中国大陆,1,0,0,0,0,0,0,0,0,0,0,2022,7,4,33,57.4084507042254,2.52491682342972,-0.0960901785073537,717.65,604.44,454.92,225.62,199.18,178.0,174.54,82.78,558.58746
工作日,中国大陆,0,0,0,0,1,0,0,0,0,0,0,2022,7,4,30,42.1516183986371,2.0320593260779,-0.117858238944428,728.11,393.28,353.02,218.62,183.24,154.92,91.09,13.92,712.6711
工作日,中国大陆,0,0,0,0,0,1,1,0,0,0,0,2022,7,4,97,84.2077051926298,2.95188046551691,-0.034082561072158,23945.84,32945.42,30942.33,14313.99,10935.33,9903.31,25293.96,10500.78,271549.75
休息日,中国大陆,0,0,0,0,0,1,0,1,0,0,0,2022,7,5,29,64.035593220339,3.07696930487764,-0.202660292510583,279.16,194.74,74.44,59.55,70.03,75.83,36.1,50.74,804.4381
工作日,中国大陆,1,0,0,0,0,0,1,0,0,0,0,2019,9,3,37,61.0896551724138,1.94672667626474,-0.0540430061144376,3173.93,6069.1,4062.15,2274.82,993.96,898.91,812.2,766.49,17680.379
工作日,中国大陆,1,0,0,0,0,0,0,0,0,0,0,2019,9,0,110,97.8224956063269,3.80850015965688,0.0,29025.49,38830.0,36498.56,30911.44,26206.05,24669.59,22544.61,16031.75,261780.11
工作日,中国大陆,1,0,0,0,0,0,0,0,0,0,0,2019,9,0,90,92.6700854700855,3.00631542941121,-0.249916124337502,20928.22,26107.25,28675.08,27003.04,25550.45,24692.08,23690.49,17667.63,241360.39
休息日,中国大陆,0,0,0,0,1,0,1,0,0,0,0,2019,9,5,22,34.2736660929432,1.843800972723,0.0,401.98,118.97,33.99,27.11,21.53,3.33,2.24,2.82,578.3301
工作日,中国大陆/中国香港,1,0,0,0,0,0,0,0,0,0,0,2019,9,4,30,54.2529914529915,3.02489160649166,0.199895774503833,1729.17,2245.35,1739.16,704.58,614.58,558.83,515.83,639.27,3208.9172
休息日,中国大陆,0,1,0,0,0,0,0,0,0,0,0,2019,9,5,60,88.9725085910653,3.53635297400319,-0.203937744456512,4555.38,3833.37,1229.93,1226.39,1051.49,1648.68,3383.61,3559.96,26680.043
工作日,中国香港/中国大陆,1,1,1,0,0,0,0,0,0,0,0,2023,3,4,31,60.1023890784983,2.06107363383652,-0.0415230792614947,1217.24,1845.18,1046.06,412.2,388.83,425.34,296.98,109.39,1269.3839
工作日,中国大陆,1,0,0,0,0,0,0,0,0,1,0,2023,3,4,35,55.2682926829268,2.66153478316176,0.0,235.96,594.86,790.53,162.16,132.06,133.79,145.02,195.0,1180.7101
工作日,中国大陆,1,0,0,0,0,0,1,0,0,0,0,2023,3,4,82,107.372681281619,3.71681220056769,0.0440327429235026,2427.08,4602.95,4659.99,2289.78,2163.41,1976.87,1854.91,2729.12,52597.535
工作日,中国大陆,1,0,0,0,0,0,0,0,0,0,0,2023,3,4,61,83.8769230769231,3.60335280689754,-0.0189784238967292,1289.9,2574.96,2209.94,1024.14,1611.28,3670.31,975.94,1166.11,12851.356
工作日,中国大陆,1,0,0,0,0,0,0,0,0,0,0,2023,3,4,31,117.535042735043,3.42661084115337,-0.0669271655534212,950.71,1201.34,901.52,360.64,334.62,317.38,299.92,125.6,519.54755
工作日,中国大陆,0,0,0,0,0,0,1,0,0,0,0,2023,3,4,28,77.4486301369863,2.89893909416975,-0.0963434615619305,695.9,1212.34,641.6,256.34,312.06,363.52,149.52,89.56,577.0905
工作日,中国大陆,0,0,0,0,1,0,0,0,0,0,0,2021,10,4,30,49.1822916666667,1.70739582041439,-0.136703667781008,707.37,512.6,266.44,97.39,71.59,56.33,47.92,3.75,520.2601
工作日,中国大陆,1,0,0,0,0,0,0,0,0,0,1,2021,10,4,22,67.721843003413,2.99701098897017,-7.58107701586818e-16,27.0,109.02,118.07,30.2,25.88,22.67,23.4,5.2,568.78375
工作日,中国大陆,1,0,0,1,1,0,0,0,0,0,0,2021,10,4,42,84.5975820379965,3.12626140800198,0.0,230.62,208.68,212.84,127.81,106.17,92.93,95.62,64.04,576.9604
国庆节,中国大陆/美国,0,0,0,0,0,0,1,1,0,0,0,2021,10,6,61,31.3053173241852,3.8253347894026,0.264705882352941,747.29,477.9,443.66,415.55,371.93,18.74,27.8,275.07,489.99356
国庆节,中国大陆,0,0,0,0,0,0,0,0,0,0,0,2021,10,4,76,33.5042589437819,2.59965392750666,0.0838558708530349,895.17,556.31,310.98,285.93,282.53,272.86,241.42,7.18,568.2496
工作日,中国大陆,0,0,0,1,0,0,1,0,0,0,0,2021,10,4,31,62.7804459691252,3.41135587170125,-0.394736842105263,602.09,1192.29,870.16,380.37,371.29,363.68,335.91,85.75,649.142
工作日,中国大陆,1,0,0,0,0,0,0,0,0,0,0,2021,10,4,31,117.396193771626,3.53654885859598,-0.102517271152572,389.96,634.4,407.13,150.39,117.02,95.68,92.0,28.79,565.5456
工作日,中国大陆/中国香港,0,1,1,1,0,0,0,0,0,0,0,2022,4,4,91,62.8436426116838,2.39112833314985,-0.126664993767895,485.6,695.8,543.12,255.92,242.4,230.45,210.26,268.83,2003.2523
工作日,中国大陆,0,0,0,0,1,0,0,0,0,0,0,2022,4,4,62,64.1084337349398,1.98467342463159,-0.0862674382074727,927.18,2048.05,2579.3,1984.08,1447.95,753.25,343.06,322.55,9216.26
休息日,中国大陆,1,0,0,0,0,0,0,0,0,0,0,2022,4,5,53,46.8709122203098,2.37593976541415,-0.188527091889435,114.97,37.65,20.53,14.15,11.27,5.24,8.11,15.23,570.2215
工作日,中国大陆,0,0,0,0,1,0,1,0,0,0,0,2017,5,4,31,39.6110154905336,2.58819210470941,-1.0,225.39,350.1,169.36,70.78,61.79,56.2,45.91,9.35,507.0608
工作日,中国大陆/中国香港,1,1,1,0,0,0,0,0,0,0,0,2017,5,4,30,40.8252595155709,2.09960720945119,0.153026922014558,1194.31,943.11,671.64,337.81,275.15,234.01,203.02,14.2,607.19714
工作日,中国大陆/中国香港,0,1,0,0,0,0,0,0,1,1,0,2017,5,5,31,59.0592334494774,2.94995333450056,0.0,1497.48,1289.23,1123.45,710.46,337.21,295.69,50.03,108.7,699.14703
工作日,美国/中国香港/加拿大,0,1,0,0,0,1,0,1,0,0,0,2017,5,4,30,45.8058419243986,2.38745740802751,0.0810884671460095,963.31,906.46,553.36,158.31,118.97,99.08,84.7,11.41,568.4266
春节,中国大陆/中国香港,0,0,0,0,1,0,1,0,0,0,0,2018,2,4,31,61.3407155025554,2.40243194293526,-0.131283448438419,16426.58,9419.95,6644.87,4519.6,3352.33,2776.76,2087.55,1564.28,47287.47
工作日,中国大陆,0,0,0,0,1,0,0,1,0,0,0,2018,2,3,29,57.4176570458404,3.31256935358067,0.153402218201671,925.41,2292.38,2446.99,2382.41,1428.87,1384.84,1389.31,1361.44,16746.758
春节,中国大陆,0,0,0,0,0,0,1,0,0,0,0,2018,2,4,40,41.0463917525773,2.02141475981645,0.167341593388612,1742.25,1604.77,1395.7,1334.26,1362.92,1310.44,1079.62,921.98,8496.711
春节,中国大陆,0,0,0,0,0,0,1,1,0,0,0,2018,2,4,61,37.5551782682513,3.58725241684758,-0.0665841742298932,7612.87,6801.63,6439.84,5699.14,5369.22,4942.25,3881.1,2814.5,47435.58
春节,中国大陆/中国香港,0,1,0,0,0,0,0,0,1,0,0,2018,2,4,76,66.7246127366609,3.83478908660075,0.033093495687691,12951.1,14797.33,18753.29,22413.73,24595.38,27066.19,24111.65,21204.4,311190.47
休息日,中国大陆,1,0,1,0,0,0,0,0,0,0,0,2022,8,5,47,67.3215488215488,3.23662658451765,-0.256063831522119,7601.94,4578.18,2156.04,1721.94,1384.92,1116.99,711.58,839.12,9218.24
工作日,中国大陆,1,0,0,0,1,0,0,0,0,0,0,2022,8,3,35,58.2478777589134,2.93366057434627,-0.0843399364200435,1152.75,80.88,65.93,55.39,31.58,27.05,24.51,23.14,604.62396
工作日,中国大陆,1,0,0,0,1,0,0,0,0,0,1,2022,8,4,28,108.698080279232,3.31515903484875,-0.11936630896306,215.67,169.03,76.49,43.26,32.77,27.39,24.13,2.58,700.5018
工作日,中国大陆,0,0,1,0,0,0,0,0,0,0,0,2022,8,4,31,39.2348877374784,1.58046524580597,-0.108592847742468,788.37,214.67,97.45,40.56,27.85,22.77,17.96,6.45,555.78564
休息日,中国大陆,0,0,0,0,0,0,0,0,0,0,0,2022,8,5,62,31.4746543778802,2.39312881515293,0.254660707295323,783.61,569.72,144.33,121.68,109.8,107.67,85.54,150.45,691.90155
工作日,中国大陆,0,1,0,0,0,0,0,1,0,0,0,2022,8,4,76,104.648739495798,3.20565107274309,-0.0213163240470315,3665.64,4996.94,4749.61,2180.72,1861.11,1722.36,1714.73,2005.06,39636.33
休息日,中国大陆,0,0,0,0,0,0,1,1,0,0,0,2022,8,5,77,60.953488372093,3.07253938687452,-0.0879509023768757,1023.07,922.9,400.71,354.73,314.71,276.07,31.62,81.29,1525.1979
工作日,中国大陆/中国香港,1,1,0,0,0,0,0,0,0,0,0,2019,12,4,132,87.1435810810811,3.20213328048131,-1.96261557335472e-17,9752.69,12409.37,10244.15,4372.42,5703.39,5308.25,3366.11,4539.05,82535.03
工作日,中国大陆,1,0,1,1,0,0,0,0,0,0,0,2019,12,4,139,93.6880415944541,3.18679498720434,0.0001388423246036,4685.14,7672.58,8015.92,4223.25,3859.97,3455.63,3554.53,3891.13,83439.09
工作日,中国大陆,1,0,0,0,0,0,0,0,1,1,0,2019,12,4,35,65.4691780821918,3.17893712358945,0.201847274647511,763.44,377.96,292.14,609.35,494.33,333.82,128.0,108.19,636.94904
工作日,中国大陆,1,0,0,0,1,0,0,0,0,0,0,2019,12,1,31,71.1996587030717,2.73249513457596,0.0091279701488463,4150.02,1153.6,243.79,145.95,137.15,95.54,52.26,51.61,6541.22
工作日,中国大陆,1,0,1,1,0,0,0,0,0,0,0,2019,12,4,30,67.4528301886792,2.14353620477814,0.666666666666667,934.61,1099.46,986.66,521.44,412.06,378.29,320.57,45.81,622.6923
工作日,美国/巴西/中国大陆,0,0,0,0,0,1,0,1,0,0,0,2019,12,3,30,119.153448275862,3.83670614529074,-0.905595718761711,529.95,708.03,453.0,254.31,82.29,58.74,51.07,34.24,818.60956
工作日,中国大陆,1,0,0,0,1,1,0,0,0,0,0,2019,12,4,31,101.876736111111,2.81587870401697,-0.155591534021131,2573.21,2114.34,1181.9,414.21,336.94,202.62,113.56,14.81,5236.7314
工作日,中国大陆,0,1,0,0,0,0,0,0,0,0,0,2019,12,4,35,60.6943972835314,2.15795060933297,-0.163203954249498,1941.09,1458.37,1009.34,492.05,113.54,124.61,55.22,40.43,1317.539
工作日,中国大陆,0,1,0,0,0,0,0,1,0,0,0,2019,12,3,43,49.4417808219178,1.76962538279477,0.0144257858583077,2994.05,3036.11,4530.16,3583.04,761.45,573.13,362.92,174.63,10118.571
工作日,中国大陆,1,0,0,0,1,0,1,0,0,0,0,2019,12,1,121,58.7993079584775,2.5312961769819,0.259131493846787,17230.8,11372.51,3223.06,3448.59,4712.64,3710.64,1831.55,1695.6,51364.125
工作日,中国大陆,0,0,0,0,1,0,1,0,0,0,0,2019,12,4,147,90.3786574870912,3.18100865633668,-0.208864718097019,1247.91,1593.69,1547.1,805.02,1302.58,1366.41,818.71,654.16,7881.2725
工作日,中国大陆,1,0,0,0,0,0,0,0,1,1,0,2020,8,4,62,121.458262350937,3.28148941074563,-0.055183194693536,14167.23,20623.01,23170.89,15664.22,19110.3,14845.64,13037.97,13581.46,272387.2
工作日,中国大陆,0,0,0,0,1,0,0,0,0,0,0,2020,8,1,58,52.3223570190641,2.25305497892801,0.279627165854413,27820.03,4437.23,2761.3,2106.6,2582.45,2366.06,1237.92,976.66,32591.627
工作日,中国大陆,1,0,0,0,1,0,0,0,0,0,0,2020,8,1,31,57.7331081081081,1.94920728890795,0.0258548428041209,3784.19,551.13,272.44,123.0,137.49,108.02,55.45,44.96,697.3929
工作日,中国大陆,0,0,0,0,1,0,0,0,0,0,0,2017,8,3,44,53.5342465753425,1.83918886555364,0.102445102507348,16963.45,10869.1,8742.64,6288.25,2806.52,2276.58,1776.95,1532.05,44083.32
工作日,中国大陆,0,1,0,0,0,0,0,0,1,1,0,2017,8,4,57,46.7726495726496,3.50696939206678,0.168928772738956,323.56,362.79,373.78,318.68,311.33,255.2,267.39,211.88,773.68665
工作日,中国大陆/中国香港,0,1,0,0,1,0,1,0,0,0,0,2017,8,4,30,41.1626297577855,2.10670955577174,0.0992678716976999,3678.6,2635.62,1967.74,967.41,781.79,637.43,134.34,65.13,1243.5852
工作日,中国大陆,0,0,0,0,0,0,0,0,0,0,0,2017,8,4,31,23.0841584158416,1.31693297228187,-1.57009245868378e-17,29.25,23.23,19.8,16.68,14.9,13.53,12.18,6.52,693.56714
工作日,中国大陆,0,0,0,0,1,0,1,0,0,0,0,2017,8,3,30,30.0227272727273,2.04757802794478,0.0,329.55,311.42,331.14,281.91,76.61,94.58,96.68,84.94,731.51263
工作日,中国大陆,0,0,0,0,0,0,1,0,0,0,0,2017,8,4,42,44.320882852292,3.73606754708457,0.0,1744.68,1912.54,1875.97,1110.48,1016.49,945.35,890.35,292.62,3048.26
工作日,中国大陆/美国,1,0,0,0,0,0,0,0,0,0,0,2017,8,4,20,44.6078767123288,3.17437047560974,0.0,241.66,163.97,145.21,65.12,64.27,54.05,50.53,11.79,512.5494
工作日,中国大陆/英国,0,0,0,0,0,0,0,0,0,0,0,2017,8,4,49,49.9155172413793,4.0473316159239,0.0,133.25,387.14,539.05,278.9,295.36,287.99,196.54,146.15,4452.831
工作日,中国大陆,0,1,1,0,0,0,0,0,0,0,0,2017,8,3,31,49.7521815008726,3.02503939706462,0.341923936802319,1558.07,977.54,959.52,878.97,493.09,445.64,423.94,390.5,1350.3723
工作日,中国大陆,1,0,0,0,0,0,1,0,0,0,1,2021,6,4,41,75.3231292517007,3.07753256597876,0.0,1385.78,1924.29,2183.1,770.22,685.49,638.96,638.21,485.29,9846.334
工作日,中国大陆,1,0,0,0,0,0,0,0,0,0,0,2021,6,4,92,64.4564102564103,3.70528893248382,-0.0384200189323574,694.55,554.97,698.52,386.86,390.0,411.58,418.93,317.36,8881.967
工作日,中国台湾/中国香港,0,0,0,0,1,0,0,0,0,0,0,2021,6,4,91,75.006908462867,3.44041302277374,-0.333333333333333,817.2,799.5,1102.68,1104.57,742.35,819.68,955.7,957.54,15587.572
工作日,中国大陆,1,0,1,1,0,0,0,0,0,0,0,2021,6,4,42,42.3344651952462,2.51485683013698,0.0960782738540226,226.28,183.56,159.77,117.58,119.74,127.94,27.79,32.8,691.78107
工作日,中国大陆,0,0,0,0,1,0,0,0,0,0,0,2021,6,4,48,35.7297762478485,1.94157663827983,-0.0269017847166313,1569.32,1056.57,645.3,353.07,268.01,240.54,70.24,62.42,689.50366
工作日,中国大陆,0,0,0,0,0,0,1,0,0,0,0,2021,6,4,31,62.0923076923077,2.09051926154551,0.0152243902246979,1144.85,1177.87,1288.86,1022.15,523.24,460.99,386.49,279.21,7767.3906
工作日,中国大陆,0,0,0,0,0,0,0,1,0,0,0,2017,7,4,30,50.641638225256,3.68201149631279,0.5,544.23,656.55,699.12,232.28,214.81,191.79,119.26,27.21,1253.9418
工作日,中国大陆,0,0,0,0,0,0,1,0,0,0,0,2017,7,3,63,67.6321243523316,3.31456708417978,0.233714821539222,604.27,560.41,567.0,604.66,351.05,394.96,517.44,305.33,1372.2273
工作日,中国大陆,0,0,0,0,0,0,1,1,0,0,0,2017,7,3,34,62.9326424870466,3.71584425576318,-0.142857142857143,730.54,497.94,912.65,1165.95,759.85,698.8,556.77,464.48,1823.5406
工作日,中国大陆,0,0,0,0,0,0,1,1,0,0,0,2017,7,4,55,27.8709677419355,3.63138405762863,0.169914515417721,396.05,653.68,687.49,256.65,226.01,203.41,134.64,76.36,1105.2474
工作日,中国大陆,0,0,0,0,1,0,0,0,0,0,0,2017,7,4,26,40.84,2.05101450122571,0.495616343876884,277.71,156.32,137.03,80.06,64.31,46.71,5.74,3.63,523.415
工作日,中国大陆,0,1,0,0,0,0,0,0,1,0,0,2017,7,3,94,60.704974271012,2.66665823140551,0.326031834337781,10211.9,21477.11,31265.88,36719.62,27317.93,29289.19,27941.76,22841.57,466758.8
休息日,中国大陆/中国香港,1,0,0,0,0,0,0,0,1,1,0,2017,7,5,31,71.9025641025641,3.31787459210337,-0.671619284242234,1924.94,1432.12,674.61,566.33,551.27,394.3,275.06,92.6,1929.1823
工作日,中国大陆/中国台湾,1,0,0,0,0,0,0,0,0,0,0,2017,7,2,29,42.9162303664921,1.84314620995617,0.0,680.94,767.81,364.04,342.87,342.76,204.27,118.68,41.44,1120.7135
工作日,美国/中国大陆/英国,0,0,0,0,0,1,0,0,0,0,0,2022,3,4,91,73.5868055555556,2.50069534985528,0.0054410326905824,1732.7,2661.18,1803.4,587.62,487.74,444.41,418.39,372.53,4498.329
工作日,中国台湾,0,0,0,0,1,0,0,0,0,0,0,2022,3,4,32,34.8799313893654,2.38026099622034,0.0,461.29,410.82,240.4,58.75,65.34,66.76,53.64,22.86,727.6763
春节,中国大陆/印度,0,1,0,0,0,0,1,1,0,0,0,2017,1,5,75,46.4114583333333,1.9823311599197,0.282001132501692,13845.58,13087.2,14597.66,15447.71,16192.33,15658.38,13004.67,11112.72,132234.2
工作日,中国大陆,0,0,0,0,0,0,1,1,0,0,1,2017,1,4,30,28.5704467353952,1.63898125428843,-0.0308107061790972,1064.52,1701.27,1552.76,743.65,734.8,687.68,658.12,659.17,13143.814
工作日,中国大陆,0,0,0,1,1,0,0,0,0,0,0,2017,1,4,55,21.2925531914894,1.34435997185692,0.0,54.13,50.06,40.65,33.2,31.59,30.77,29.14,15.32,595.8783
春节,中国大陆,0,1,0,0,0,0,1,1,0,0,0,2017,1,5,62,43.1470085470085,1.60061843006437,-0.0491658842112219,18845.33,11853.18,9222.07,7052.85,5895.24,5069.49,3606.55,2841.33,60567.445
春节,中国大陆/中国香港,0,1,0,0,0,0,1,0,0,0,0,2017,1,5,61,61.7274275979557,2.85872305338238,-0.0530395927088788,35561.2,22274.85,18668.98,15154.74,13145.88,11939.44,9216.48,7698.09,141003.61
春节,中国大陆,0,0,0,0,0,0,0,0,0,0,0,2017,1,5,58,39.552495697074,3.26041242572832,0.0,5211.6,4938.79,4961.52,4662.07,4365.11,4104.79,3179.81,2637.96,41874.86
休息日,中国大陆/美国/加拿大/挪威,0,0,0,0,0,0,0,1,0,0,0,2021,9,6,29,32.3864406779661,1.82397131229465,-0.2,406.23,403.66,364.16,8.38,5.42,12.94,139.08,8.85,553.3637
工作日,中国台湾,0,0,0,0,1,0,1,0,0,0,0,2021,9,3,50,39.2106164383562,2.43062040995052,-1.0,3821.07,1669.04,1362.9,914.93,374.02,288.26,240.66,214.39,1809.3125
休息日,中国大陆,0,0,0,0,0,0,0,0,0,0,0,2021,9,6,40,92.508865248227,3.24708756227355,-0.0590379328691405,116.11,100.65,79.79,33.92,30.84,33.81,61.96,29.6,759.69727
休息日,中国香港/中国大陆,1,0,0,0,0,0,0,0,0,0,0,2021,9,5,26,77.8593220338983,3.22149771739775,-2.14425238664715e-16,525.68,320.03,96.72,76.92,65.95,47.63,47.25,89.77,535.205
工作日,中国大陆,1,0,0,0,0,0,0,0,0,0,0,2021,9,3,92,67.3830155979203,3.56031333627354,-0.0404749821272847,6517.65,18264.03,16330.67,15158.36,13665.94,12723.62,12170.72,8217.58,127476.49
工作日,中国大陆,0,0,0,0,0,0,0,0,0,0,0,2021,9,4,62,74.0612244897959,4.47753408579157,-0.0528514881029467,48.16,35.73,41.45,35.7,40.76,35.98,33.44,34.04,517.24744
工作日,中国大陆,0,0,0,0,0,0,1,0,0,0,0,2021,9,3,61,62.6786941580756,3.60596418747105,0.0,138.55,796.53,604.36,515.25,567.71,586.08,579.52,537.41,485.78705
工作日,中国大陆/中国香港,1,0,0,0,0,0,0,0,1,1,0,2021,9,3,109,84.9696458684654,4.0155490564449,-0.0411655024629625,20520.2,41070.97,43855.98,47307.65,48444.05,49368.06,51368.37,39177.56,345322.7
工作日,中国大陆,1,0,0,0,0,0,1,0,0,0,0,2021,9,4,27,62.188455008489,3.40974469382584,-0.492986982072577,85.57,99.31,99.46,30.42,27.68,25.46,17.74,8.89,556.31995
工作日,中国大陆,0,0,0,0,1,0,0,0,0,0,0,2017,9,4,26,29.6347826086957,1.30024291156969,0.0823115632646563,275.58,207.46,130.63,40.73,34.25,29.71,24.76,2.1,585.7596
工作日,中国大陆,1,1,0,0,0,0,0,0,1,0,0,2017,9,4,55,47.5689655172414,2.12355700425013,-0.113218391608627,3157.45,2693.53,2795.66,2391.72,2397.1,2686.59,2037.64,2155.11,10607.338
工作日,中国大陆,0,0,0,0,0,0,1,0,0,0,0,2017,9,4,76,61.166095890411,3.02150629339978,0.0964395244737568,3776.11,1362.7,2321.46,2245.96,2470.48,2575.74,2617.3,2819.53,34478.496
工作日,中国大陆,0,1,1,0,0,0,0,1,0,0,0,2017,9,5,30,36.9879518072289,1.60600764947789,0.0,626.44,375.73,214.42,139.73,84.62,47.12,41.14,29.34,1261.5675
工作日,美国/中国香港/保加利亚/荷兰/加拿大/英国/法国,0,1,1,0,0,0,1,0,0,0,0,2017,9,4,30,43.7224137931034,3.32790504905701,-0.0760938058482731,2616.51,3611.86,2767.77,1191.14,1095.39,1001.15,917.47,358.82,7571.864
工作日,中国大陆,0,0,0,0,0,0,1,0,0,0,0,2017,9,5,83,50.5209059233449,3.1186310108039,0.474983292090728,13297.62,17782.65,18633.81,18512.2,18431.52,16949.83,16211.42,15990.33,193789.03
工作日,中国香港/中国大陆,0,1,1,0,0,0,0,0,0,0,0,2017,9,5,57,63.2184300341297,3.54042422078904,0.0,4051.89,5317.84,4980.44,4744.24,4835.25,4483.43,4231.11,4056.24,23006.92
工作日,中国大陆/中国香港,1,0,0,0,0,0,0,0,0,0,0,2016,12,4,26,75.9636678200692,3.51848023643177,-0.138861857489594,177.84,129.18,55.67,50.66,48.92,29.85,49.53,45.26,827.8591
工作日,中国大陆,0,1,0,0,0,0,1,0,0,0,0,2016,12,4,39,44.5585738539898,2.15217719990632,0.288263378847554,6688.92,3681.63,1610.88,1221.88,1106.59,995.47,1572.09,1466.81,24225.506
工作日,中国大陆/中国香港,0,0,0,0,1,0,1,0,0,0,0,2016,12,4,26,48.7071917808219,1.44258492426802,-0.0690237012805499,2744.21,1397.89,590.99,520.05,500.56,211.98,284.09,264.12,737.0787
工作日,中国大陆/美国,0,1,0,0,0,0,0,1,0,0,0,2016,12,4,58,57.5391156462585,2.06182199245652,0.199615576766884,5259.34,2641.41,1042.89,971.06,1013.79,515.82,848.66,783.06,90310.14
工作日,美国/中国大陆,0,0,0,0,0,0,0,1,0,0,1,2020,10,4,28,61.8189655172414,3.38723591499929,-1.0,169.04,8.31,7.24,6.84,14.74,4.7,42.46,41.86,776.9787
工作日,中国大陆,1,0,0,0,0,0,0,0,1,0,0,2020,10,4,67,80.8381601362862,2.7619008282748,-0.213303712992226,11703.51,4789.85,4189.4,3709.87,3416.53,5145.49,8254.33,6041.85,86668.9
国庆节,中国大陆,1,0,0,0,0,0,0,0,0,0,0,2020,10,3,21,116.353846153846,3.07213222427509,0.0,36144.59,30314.97,21970.1,15199.14,11532.36,9411.01,8162.73,5383.26,127654.36
国庆节,中国大陆,1,0,0,0,0,0,1,0,0,0,0,2020,10,3,21,78.7716262975779,3.17855982567162,-0.214285714285714,27499.25,27349.86,27493.41,25715.89,23333.96,21581.18,20202.48,14344.69,228504.14
休息日,中国大陆,0,0,0,0,0,0,0,0,0,0,0,2020,10,6,62,47.4795918367347,4.63813691801222,0.0344138299045575,2.3,1.63,2.49,3.52,4.17,5.91,6.95,6.15,672.9458
休息日,中国大陆/中国香港,1,0,1,0,0,0,0,0,0,0,0,2023,9,5,62,86.5627118644068,2.87111680586539,-0.103817170987007,9319.39,6655.28,2530.78,2131.02,1826.71,1558.25,1643.81,3369.88,33602.883
工作日,中国大陆,0,0,0,0,0,1,1,1,0,0,0,2023,9,3,73,47.8313458262351,3.53656681123394,-0.165341340319098,190.63,634.26,777.07,866.33,783.13,735.24,733.04,688.37,6331.795
工作日,中国大陆,1,1,1,0,0,0,0,0,0,0,0,2023,9,3,71,95.5415959252971,2.63827999246451,-0.15732827444415,5201.19,11163.07,14148.41,14605.02,12654.79,11030.1,9795.13,8800.8,77020.79
工作日,中国大陆,1,0,0,0,0,0,0,0,0,0,0,2023,9,4,20,115.553264604811,2.83882363922977,-0.25,105.13,60.39,30.44,14.04,11.19,11.13,10.88,4.03,729.41284
中秋节,中国大陆,1,0,0,0,0,0,1,0,0,0,0,2023,9,4,59,19.9196581196581,1.05202541659418,0.013212105050444,196.78,249.58,240.58,183.22,177.6,156.05,136.75,125.95,835.67474
工作日,中国大陆,1,0,0,1,1,0,0,0,0,0,0,2023,9,4,27,50.1152542372881,2.55526748084054,-0.0146260555114,166.77,117.58,73.2,16.73,13.54,11.39,8.31,8.77,440.7634
工作日,中国大陆,1,0,0,0,0,0,0,0,1,1,0,2023,9,3,92,83.6746166950596,3.16289156441639,0.0555418479897754,2705.02,6458.35,7377.51,8565.05,6969.36,6165.19,5546.95,5187.08,62244.008
工作日,中国大陆,0,0,1,1,0,0,0,0,0,0,0,2023,9,4,47,84.6660869565217,2.2955447540679,-0.0164508651121908,729.29,994.44,593.17,265.66,216.76,191.74,162.12,160.63,1072.8021
中秋节,中国大陆,1,1,1,0,0,0,0,0,0,0,0,2023,9,4,69,88.7667238421955,2.82375803253932,-0.030800827094187,5230.61,5541.92,5925.79,5475.81,5300.61,5144.01,4858.83,3481.84,49903.555
休息日,中国大陆,1,0,0,0,1,0,0,0,0,0,0,2023,9,5,22,71.3315972222222,2.48238899132658,0.0803696030663225,281.29,87.76,24.63,18.92,17.33,14.96,3.08,3.87,2466.3638
工作日,中国大陆,0,1,1,0,0,0,0,0,0,0,0,2017,11,4,30,50.2003395585739,2.9588238148958,-0.245836218342627,1098.84,1225.37,900.89,402.52,366.71,350.76,324.95,44.23,1898.9305
工作日,中国大陆,0,0,0,0,0,0,1,0,0,0,0,2017,11,4,31,29.4126712328767,1.34353953959014,0.0397785458153941,2059.44,2092.43,1543.01,668.12,614.12,563.13,497.42,107.35,838.7132
工作日,中国香港/中国大陆,1,1,1,1,0,0,0,0,0,0,0,2017,11,4,30,53.2681660899654,2.22218172283899,-0.253947301718581,2963.67,2649.64,1766.35,709.08,612.5,573.85,522.17,116.9,1965.7316
工作日,中国大陆/法国,1,0,0,0,0,0,0,0,0,0,0,2017,11,1,23,70.4681583476764,3.97072633588388,-0.0285321206755535,162.28,130.65,111.65,41.74,68.06,64.42,24.85,21.76,594.4363
工作日,中国大陆/中国台湾,1,0,0,0,1,0,0,0,0,0,1,2017,11,4,41,78.1600688468158,3.80261615883781,-0.390492144302929,232.19,226.88,216.33,111.94,106.3,114.09,111.8,37.05,508.87808
工作日,中国大陆,1,0,1,1,0,0,0,0,0,0,0,2017,11,4,30,90.8477157360406,3.43817371400657,-0.258218318719758,730.86,758.38,505.19,201.62,153.63,139.7,122.96,15.29,544.2279
工作日,中国香港/中国大陆,1,1,1,0,0,0,0,0,0,0,0,2017,11,4,30,48.1563573883162,2.35795959581659,0.0,1717.86,1573.88,1243.44,600.85,460.42,445.98,378.72,86.92,5885.961
工作日,中国大陆,0,0,0,0,1,0,1,0,0,0,0,2017,11,4,30,33.5694200351494,1.93014778016957,0.226688072173758,444.15,604.75,416.71,202.22,187.85,176.24,158.71,16.59,537.1569
工作日,中国大陆,1,0,0,0,0,0,0,1,0,0,0,2017,11,4,56,48.9657534246575,2.64810670474782,0.0,267.63,409.05,452.62,281.6,389.95,497.9,527.56,350.99,8675.43
工作日,中国大陆,0,1,1,0,0,0,0,0,0,0,0,2022,11,4,62,45.0902896081772,1.46134704382402,0.0123918302759559,1723.11,2611.33,2024.6,860.78,736.61,675.4,590.42,668.16,3849.6187
工作日,中国大陆,1,0,0,0,0,0,0,0,0,0,0,2022,11,4,42,56.8013130615066,2.86599567477059,0.123708916564771,584.31,576.68,432.9,215.68,232.23,255.68,259.8,211.95,584.1641
春节,中国大陆,0,1,0,0,0,0,0,1,0,0,0,2021,2,4,62,78.5659432387312,3.95851807174907,-0.164154173255047,13742.35,8316.62,9352.02,7605.04,7704.45,7267.57,5762.11,4456.39,76388.47
春节,中国大陆,0,0,0,0,0,0,0,0,0,0,0,2021,2,4,34,68.2165820642978,2.26891646065143,0.117065000133924,8112.72,4115.05,4004.09,2069.52,1601.27,1226.04,866.82,641.75,13451.914
春节,中国大陆/中国香港/日本,0,0,0,1,0,0,1,0,0,0,0,2021,2,4,77,74.5819397993311,2.11997419725045,-0.0334815494620617,101123.25,81829.32,74975.93,43635.98,31355.4,23224.98,16346.81,11252.3,386931.12
春节,中国大陆/中国香港,0,0,1,0,0,0,1,0,0,0,0,2021,2,4,77,89.5531197301855,3.26224639769395,-0.13956181978109,4321.57,1553.52,1978.74,1761.41,2513.27,2978.19,2903.78,2791.95,48154.22
春节,中国大陆,0,1,0,0,0,0,0,0,0,0,0,2021,2,4,59,99.8350515463918,3.0791847236947,0.185050917723077,5132.73,4151.48,4020.59,3511.7,3433.86,3264.21,2625.75,2038.52,31279.584
春节,中国大陆,1,0,0,1,0,0,0,0,0,1,0,2023,1,6,84,70.4724540901503,2.73178655135258,0.0026883341517523,13744.6,9004.15,7967.18,6394.33,6475.19,5804.52,5022.2,4256.17,73345.125
春节,中国大陆,1,0,0,1,0,0,1,0,0,0,0,2023,1,6,96,71.7986577181208,3.20311430432609,-0.191151022732671,40539.95,40510.48,43619.27,47280.23,46931.68,41994.74,31889.07,23575.48,383664.5
春节,中国大陆,0,0,0,0,0,1,0,1,0,0,0,2023,1,6,113,103.168918918919,3.77593904336744,-0.0526662774084175,47962.53,37287.46,35483.93,33822.92,32317.59,29761.95,22878.44,17471.14,348826.88
春节,中国大陆,0,0,0,0,0,0,1,0,0,0,1,2023,1,6,60,73.0345423143351,2.49828103212141,0.031400737905674,12727.1,5797.04,4049.33,2535.66,2168.01,1786.24,1283.58,990.48,23247.979
工作日,中国大陆/中国香港,1,1,1,0,0,0,0,0,0,0,0,2023,10,4,30,57.0085324232082,3.16819786999477,-0.256625529063487,447.2,749.0,343.72,111.45,89.5,64.57,52.62,30.71,617.90216
工作日,中国大陆,1,0,0,0,0,0,0,0,0,0,0,2023,10,0,60,40.703125,3.89613983400961,-0.355234410423971,4.41,8.55,16.78,21.6,49.39,18.83,8.09,18.91,641.77386
工作日,中国大陆,1,0,0,0,0,0,0,0,0,0,0,2023,10,4,30,133.647668393782,3.00917622999212,0.0112324033715138,19.22,83.13,92.97,96.73,62.86,45.34,33.56,40.52,1338.0269
工作日,中国大陆,0,0,1,1,0,0,0,0,0,0,0,2023,10,4,42,34.0898203592814,1.67855014450343,-0.053858045372252,45.5,112.9,49.11,31.06,27.22,25.12,23.38,27.44,487.37558
休息日,中国大陆,1,0,1,0,0,0,0,0,0,0,0,2023,10,5,57,116.303904923599,3.06581795389441,0.0,5520.98,4198.97,1673.46,1477.23,1390.39,1300.19,1901.29,3323.0,24310.51
工作日,中国大陆,0,1,1,0,0,0,1,0,0,0,0,2018,6,4,29,42.7118353344769,2.34059568171758,0.0136616341808666,1808.3,1359.06,1308.43,581.78,535.85,456.12,438.82,56.34,1315.415
工作日,中国大陆,1,1,0,0,0,0,0,1,0,0,0,2018,6,4,41,75.0391156462585,3.62060901455934,0.0389254020314569,7631.63,8316.56,7359.3,4135.86,3196.83,2874.8,1555.7,1565.4,28462.297
工作日,中国大陆,0,1,0,0,0,0,1,0,0,0,0,2018,6,4,41,39.7585616438356,2.01386847263792,1.11002684938654e-16,1824.37,2200.64,2601.04,2798.47,1469.07,1471.63,1351.76,674.28,7824.1787
工作日,美国/中国大陆,0,1,0,0,0,0,0,0,0,0,0,2018,6,4,29,41.9138513513514,1.42328572071609,-0.0416091188478575,3535.3,2145.72,1410.84,663.05,420.81,371.03,126.33,68.14,2501.6836
工作日,中国香港,1,0,1,0,0,0,0,0,0,0,0,2018,6,4,30,44.1269565217391,2.77795473982773,0.0043791163600778,1016.39,1089.93,1300.08,1199.55,497.05,458.35,428.95,103.17,1273.9209
工作日,中国大陆/中国香港,0,1,0,0,0,0,1,0,0,0,0,2018,8,4,36,51.5187074829932,2.55387385165978,-0.0714285714285714,3485.44,2861.12,2590.83,1459.04,1211.02,1070.64,973.74,181.35,3711.9382
工作日,中国大陆/中国香港/美国,0,1,1,0,0,0,1,0,0,0,0,2018,8,4,30,34.5506003430532,1.76804588726487,0.0,420.95,194.3,155.75,57.3,42.49,32.38,26.68,2.22,614.63544
工作日,中国大陆,0,1,0,0,0,0,0,1,0,0,0,2018,8,4,29,40.5898305084746,3.48688342120015,-0.055960777689307,110.37,96.27,96.61,35.22,5.67,1.95,2.74,1.49,633.96344
工作日,美国/中国大陆/法国/挪威/英国,0,1,0,0,0,0,0,1,0,0,0,2018,8,4,31,80.3087478559177,3.90126868852791,0.0,16828.44,19697.59,15549.88,5962.31,5094.63,4316.73,3761.27,5271.82,98933.766
工作日,中国大陆,1,1,0,0,0,0,1,0,0,0,0,2018,8,4,31,34.8111298482293,1.51916743599752,0.0945308511356788,6740.0,1958.0,1548.14,751.41,618.25,541.08,467.82,51.08,7473.4556
工作日,中国大陆,1,0,0,0,0,0,0,0,0,1,0,2018,8,4,37,50.7798507462687,3.90982106010786,0.0,17.54,5.84,5.79,6.4,10.78,16.62,10.96,11.6,466.07916
工作日,中国大陆,1,0,0,0,0,0,1,0,0,0,1,2018,8,4,36,59.3685121107266,2.81862535865776,-0.219151271777451,431.4,631.1,780.98,510.39,413.47,330.77,261.73,166.02,612.09467
工作日,中国大陆/英国,0,1,0,0,1,0,1,0,0,0,0,2018,8,4,30,49.1799660441426,1.92272667630658,0.0,9722.01,2426.86,1400.28,559.29,411.26,334.77,275.25,15.17,2473.7798
工作日,美国/中国大陆/中国香港,0,1,0,0,0,1,0,0,0,0,0,2018,8,4,60,62.3316062176166,2.7451048103546,0.01124010031658,10663.62,11408.93,12284.34,7128.21,6272.19,5747.4,5504.76,7222.76,66010.94
工作日,中国大陆,0,0,0,0,0,0,0,0,0,0,0,2018,8,4,30,66.4754653130288,3.28601332263303,-0.0564088924745294,1943.48,2158.53,2086.77,943.53,835.23,733.8,640.14,70.41,1914.9772
工作日,中国大陆,1,0,0,0,0,0,1,0,0,0,0,2018,8,4,50,86.7426597582038,3.1885145196806,-0.025646347806055,15180.41,19160.94,19115.82,10005.53,8000.18,7023.7,6506.63,10769.05,106601.31
工作日,中国大陆/美国,0,0,0,0,0,0,1,1,0,0,1,2018,3,4,34,38.861301369863,3.44592492691141,-1.51621540317364e-16,407.96,984.77,738.49,59.52,49.16,40.2,32.78,22.03,596.3068
工作日,中国大陆,1,0,0,0,1,0,1,0,0,0,0,2018,3,3,30,44.4802065404475,1.97823678632141,-0.0170617853589649,1210.22,634.83,881.19,643.28,284.32,270.42,93.62,245.98,1525.5541
工作日,英国/中国大陆/日本/美国/墨西哥,0,1,0,0,0,1,0,1,0,0,0,2018,3,4,35,58.497461928934,2.65215316233496,0.22972972972973,13628.81,16300.89,10361.59,3175.25,2553.24,2146.8,1825.7,1442.63,50696.57
工作日,美国/意大利/英国/中国大陆,1,0,1,1,0,0,0,0,0,0,0,2018,3,4,30,95.526405451448,3.51596247000102,-0.147780731079525,263.84,238.73,176.88,81.16,76.99,68.06,92.68,11.67,491.7239
工作日,中国香港/中国大陆,0,0,0,0,1,0,1,0,0,0,0,2018,3,4,31,33.1048951048951,1.32298629155432,-0.142857142857143,2707.33,1440.18,777.13,339.89,252.14,216.83,422.22,43.89,1720.4972
工作日,中国大陆,1,0,0,0,0,0,1,0,0,0,0,2023,12,4,69,87.1683501683502,3.67353201286635,0.130891709174069,3633.71,4935.05,10005.18,8494.11,2751.7,2460.1,2220.77,3468.56,103710.3
工作日,中国大陆,1,0,0,0,0,0,0,0,0,0,0,2023,12,4,62,65.3813559322034,2.68559995734272,-0.13672422674847,1495.34,3762.25,3138.1,1359.01,1313.26,1250.79,1172.2,1189.47,5686.75
工作日,中国大陆,1,0,0,0,0,0,0,0,1,1,0,2023,12,3,29,121.155963302752,3.87609484022797,0.193128678077196,101.21,62.96,2.56,3.17,3.43,90.24,95.77,134.25,619.7902
工作日,中国大陆,1,0,0,1,0,0,0,0,0,0,0,2023,12,4,63,76.0138408304498,3.10484472056554,-0.188084211101347,1495.6,3224.55,2437.01,1186.55,1109.75,1009.03,810.53,1116.68,16954.412
工作日,中国大陆,0,0,0,0,1,0,0,0,0,0,0,2023,12,4,28,75.3728395061728,2.48658867467123,-0.0342975946830242,595.25,482.12,200.34,85.7,68.27,58.74,52.29,18.67,610.6137
休息日,中国大陆,0,0,0,0,1,0,0,0,0,0,0,2023,12,5,41,54.487091222031,2.14389866768227,-0.0487534309486481,22539.24,32712.65,5697.9,1087.68,715.69,588.61,693.08,1083.41,50882.4
工作日,中国大陆,1,0,1,0,0,0,0,0,0,0,0,2023,12,4,56,104.62563237774,3.59311316915514,0.0375489533856065,3054.88,6186.64,5258.28,2051.5,2022.57,1594.84,1509.37,2189.16,55350.73
休息日,中国大陆,0,0,0,0,1,1,1,0,0,0,0,2023,12,5,41,75.7214532871972,2.4222783777278,-0.234812362757242,2437.62,1876.74,1163.08,398.85,338.81,293.84,335.95,486.39,6672.5854
工作日,中国大陆,0,0,0,0,1,0,1,0,0,0,0,2017,4,3,31,37.0940170940171,2.08430564151098,0.0,1060.19,1377.24,2233.84,2103.54,1023.91,904.86,988.17,850.15,14308.428
工作日,中国大陆/中国台湾/韩国,1,0,1,1,0,0,0,0,0,0,0,2017,4,4,31,43.0344827586207,2.76360244931052,-2.61682076447296e-17,487.34,375.55,262.84,117.4,80.6,91.91,49.73,1.29,579.0159
工作日,中国大陆,0,0,0,1,0,0,0,0,0,0,0,2017,4,4,34,61.3648881239243,3.28037880905975,0.046647316040172,4554.88,5651.92,5434.47,4073.05,1702.3,1508.58,1399.94,803.3,14606.395
工作日,中国大陆,1,0,0,0,0,0,1,0,0,0,0,2017,4,5,31,38.8370497427101,2.59069814693989,-7.85046229341887e-17,805.64,688.39,666.57,532.79,206.3,185.84,90.68,154.07,604.1136
工作日,中国香港/中国大陆,1,0,0,0,1,0,1,0,0,0,0,2017,4,4,34,62.3501742160279,3.43521217810735,0.0,2995.22,3098.91,2886.92,2114.38,1110.47,946.16,848.37,477.08,5104.751
工作日,中国香港,1,0,0,0,0,0,0,0,0,0,1,2017,4,4,29,71.2068965517241,3.82966641598705,-1.0,87.96,146.82,147.56,94.73,99.44,93.76,71.86,21.61,569.2347
休息日,中国大陆,1,0,0,0,1,0,0,0,0,0,0,2023,4,5,29,90.0068965517241,3.54874223542053,0.0576461195555176,376.19,210.23,82.99,73.77,71.36,28.92,39.73,61.44,680.9916
工作日,中国大陆,1,1,0,0,0,0,0,0,0,0,0,2023,4,4,31,56.8447098976109,1.71975185141867,-0.106540698261018,892.61,936.84,436.69,396.65,327.08,220.78,106.15,46.6,1881.5035
工作日,中国大陆,1,1,0,0,0,0,0,0,0,0,0,2023,4,4,84,65.1854419410745,3.22730867328443,-0.438567583088187,7516.51,9867.98,10495.6,10572.73,9044.06,6688.4,2103.59,1473.84,61370.008
休息日,中国大陆,1,0,1,1,0,0,0,0,0,0,0,2023,4,5,53,53.5870307167235,2.57425044647446,-0.094877138137148,2125.43,818.14,756.44,628.57,418.74,230.15,113.95,143.67,7711.5596
工作日,中国大陆,1,0,0,0,0,0,1,0,0,0,0,2023,4,4,83,62.4397283531409,2.59479646356074,-0.168890805323502,3416.2,7999.83,10376.8,13174.51,12095.87,7751.17,3036.66,2462.27,92919.94
休息日,中国大陆,0,0,0,0,0,0,1,1,0,0,0,2023,4,5,60,24.8266897746967,2.34896898269142,0.0255980239149826,908.83,767.62,768.72,684.33,554.4,15.45,8.52,24.07,2282.9968
工作日,中国大陆,1,0,0,0,1,0,0,0,0,0,0,2023,4,4,54,78.2933104631218,2.7941744198995,-0.149633180427895,239.07,329.97,217.15,197.02,182.14,141.37,48.02,26.67,613.9961
工作日,中国大陆,1,0,0,0,1,0,0,0,0,0,1,2023,4,4,60,79.6228373702422,2.90108194120153,-0.0953744268916965,4448.74,4397.58,4117.94,3846.83,3105.41,1889.97,917.88,693.05,13732.881
工作日,中国大陆,0,0,0,0,1,0,0,0,0,0,0,2023,4,4,30,50.6500857632933,3.278938246469,-0.0749340102572686,697.75,619.38,299.04,285.24,204.03,115.73,54.8,30.88,1477.0953
工作日,中国大陆,1,0,0,0,0,0,0,0,0,0,0,2017,12,4,31,80.9405772495756,2.46449129620524,0.0,3831.84,4685.67,5803.24,3228.69,846.04,646.7,469.84,288.84,12033.135
工作日,中国大陆/中国香港,0,1,1,1,0,0,0,0,0,0,0,2017,12,4,42,93.8020304568528,2.88769891853721,0.130491630159839,5479.8,4367.45,4193.5,2387.35,1261.16,1230.84,1075.19,182.2,13008.51
工作日,中国大陆,0,0,0,0,1,0,1,0,0,0,0,2017,12,4,48,81.6627118644068,2.31286113147858,-0.184887623572469,6449.24,8546.22,13157.69,12407.51,9374.25,10913.04,11540.84,14925.32,171671.52
工作日,中国大陆/日本,1,0,0,1,0,0,0,0,0,0,0,2017,12,4,55,86.4251700680272,3.33063176236676,0.0796325243209418,7425.89,8736.09,8162.76,4464.15,2769.35,2760.71,2422.02,2004.61,32470.65
工作日,中国大陆/中国香港,1,0,1,0,0,0,0,0,0,0,0,2017,12,4,30,84.0340715502555,2.90970856397671,0.205832601978275,1621.13,1190.38,949.8,467.35,446.69,419.48,228.31,35.77,4602.2134
工作日,中国大陆,1,1,0,0,0,1,0,0,0,0,0,2017,12,4,30,76.0919931856899,2.38768978974735,0.108512166465088,7608.55,5987.81,6001.79,3312.64,1763.78,1643.98,1380.79,222.4,25768.21
工作日,中国大陆,0,0,0,0,1,0,1,0,0,0,0,2017,12,4,31,76.587734241908,3.05374017429042,-0.307554743130911,5779.36,5166.09,5902.38,3737.35,1352.5,1084.71,992.7,599.42,13865.609
工作日,中国大陆,1,0,1,1,0,0,0,0,0,0,0,2018,4,5,31,48.7006802721088,2.93197138936313,-0.263271313625674,4366.98,5100.37,5678.36,4627.46,1915.3,1655.51,1790.77,2965.98,20882.598
工作日,中国大陆,1,0,0,0,1,0,0,0,0,0,0,2018,4,5,62,62.9537671232877,2.45245305665309,-0.378498842418757,28556.72,27683.25,21934.4,14884.77,6956.58,5264.91,5397.79,6417.07,116880.97
工作日,中国大陆,0,0,0,0,1,0,1,0,0,0,0,2018,4,4,30,38.8429054054054,2.52092309602669,-0.0239060943979839,1817.06,2440.77,2061.05,956.71,917.98,849.27,764.38,709.94,1339.1525
工作日,中国大陆,0,0,0,0,0,0,0,0,0,0,0,2018,4,4,41,65.0750988142292,3.98347835441462,-0.179766199147617,8.2,5.95,6.46,3.99,4.7,4.23,5.02,4.92,563.39996
工作日,中国大陆,1,0,0,0,1,0,0,1,0,0,0,2018,4,4,27,24.7547826086956,1.77470418021196,0.0063789757260203,120.55,113.03,80.07,31.87,29.19,25.54,24.56,2.66,803.9283
工作日,中国大陆,0,0,0,0,0,0,0,0,0,0,0,2018,4,5,36,23.5632911392405,1.82405595378861,-1.96261557335472e-17,26.12,30.05,30.53,19.48,13.64,12.21,12.02,16.36,524.57434
清明节,中国大陆,0,0,0,0,0,0,0,1,0,0,1,2018,4,3,30,44.030303030303,2.77741773623893,0.0,661.59,603.65,408.38,35.64,16.38,17.67,13.76,11.45,599.80646
工作日,中国大陆,0,0,0,0,1,0,1,0,0,0,0,2018,4,4,30,49.2417962003454,2.55254359804125,0.271221138123574,913.96,835.73,549.67,248.97,244.68,226.85,216.5,203.92,627.5557
工作日,中国大陆,0,1,1,1,0,0,0,0,0,0,0,2019,4,1,30,65.6937716262976,2.65600844329379,-0.0772082820443482,518.13,387.37,317.05,307.9,244.19,195.78,172.24,168.05,593.6108
工作日,中国香港/中国大陆,0,1,1,0,0,0,0,0,0,0,0,2019,4,3,60,50.3293310463122,2.67316346317219,0.0332287750231979,7968.87,10527.72,9543.54,6772.5,3651.93,3131.42,2892.49,2572.38,51242.008
休息日,中国大陆,1,0,0,0,0,0,0,0,0,0,1,2019,4,5,31,54.0749574105622,2.58340022822727,0.0985196429305256,645.18,570.75,247.53,199.93,23.82,22.39,25.25,38.38,523.8079
工作日,中国大陆,1,0,0,0,0,0,0,0,0,0,0,2019,4,4,30,85.045534150613,3.44980078198138,-0.26130884254227,167.95,163.42,130.15,93.14,96.69,85.22,78.11,57.3,608.7221
工作日,中国大陆,0,0,1,1,0,1,0,0,0,0,0,2019,4,4,20,35.5008547008547,1.45834099995204,-0.0680318968565233,380.38,196.92,80.27,20.69,18.22,15.7,15.89,4.69,608.67236
工作日,中国香港,0,0,0,0,1,0,1,0,0,0,0,2019,4,4,35,23.5321739130435,1.30062232253979,-0.0462492830573233,507.31,428.55,215.04,79.4,67.6,55.73,49.98,7.03,501.15756
工作日,中国大陆,1,0,0,0,1,0,0,0,0,0,0,2019,4,4,30,56.3818493150685,2.25984928243945,-0.15197617045405,905.52,645.24,418.82,175.37,141.75,12.49,10.83,11.25,554.53687
工作日,中国大陆,0,0,0,0,1,0,1,0,0,0,0,2021,1,4,23,54.0543293718166,2.07050202769096,-0.151558080111191,1283.96,2039.74,1850.66,1006.47,1122.0,1304.1,1258.09,1345.62,6226.962
工作日,中国大陆/美国/中国香港,0,0,0,0,0,0,1,0,0,0,0,2021,1,4,27,52.9705882352941,3.30720627306839,0.118156703664135,998.89,1406.85,1205.53,378.03,381.08,401.82,430.12,482.79,13482.001
工作日,中国大陆/英国,0,0,0,0,0,0,0,1,0,0,0,2021,1,4,34,29.5078260869565,3.13931112094318,0.0,190.7,656.78,624.8,57.58,53.85,46.46,47.74,31.04,627.54126
工作日,中国大陆/中国台湾,0,0,1,1,0,1,0,0,0,0,0,2021,1,4,27,100.320137693632,3.43078501255982,0.0,1779.74,1806.58,1372.97,614.93,536.39,475.3,432.41,281.3,6658.872
工作日,中国大陆,0,0,0,0,0,0,0,0,0,0,0,2021,1,4,20,32.5809199318569,1.70274784148033,0.0755891226811915,123.25,49.52,36.21,21.46,18.83,17.28,15.82,2.56,506.23795
工作日,中国大陆,1,0,0,0,0,0,0,0,0,0,1,2021,1,4,27,56.5521367521367,2.3238986560125,0.467802971929079,287.42,573.97,545.9,136.11,187.09,192.28,191.56,131.73,695.09155
工作日,中国香港/中国大陆,1,1,1,0,0,0,0,0,0,0,0,2020,11,4,62,73.0137457044674,2.69214200554849,0.26379981182402,5137.09,7956.37,6669.82,3041.19,2594.62,2296.84,2179.66,2237.05,31558.03
工作日,中国大陆,1,0,0,0,0,0,0,0,0,0,0,2020,11,4,30,129.089347079038,3.7114071243601,-0.0430622009569378,2112.22,2766.43,2113.23,877.98,786.0,712.46,633.63,201.38,5446.5576
工作日,中国大陆,1,0,1,0,1,0,0,0,0,0,0,2020,11,4,30,104.224315068493,2.87220846201806,0.0,1497.13,1856.96,1326.28,378.45,338.26,342.65,316.82,236.95,7376.3135
工作日,中国香港,0,0,1,1,0,0,0,0,0,0,0,2019,10,5,33,60.9226804123711,3.29654336426405,-0.127885504844571,5314.67,5343.68,2554.03,2339.39,2153.79,1708.54,720.99,1271.4,10545.64
工作日,中国香港/中国大陆,0,0,1,1,0,0,0,0,0,0,0,2019,10,4,34,55.8805460750853,2.83791963203254,0.0,2020.23,1953.91,1525.18,788.82,688.94,623.23,562.15,94.19,2915.4497
国庆节,美国/中国大陆,0,0,0,0,0,0,1,1,0,0,0,2019,10,1,54,59.7091222030981,3.33895442613622,0.0,2114.37,1338.16,1322.27,1207.67,1186.4,1137.28,1089.26,194.23,9580.033
工作日,中国大陆,1,0,0,0,0,0,0,0,1,0,0,2019,10,2,32,38.0292887029289,2.06926027481729,-0.194375286779428,296.74,208.55,83.28,19.14,4.97,10.72,12.67,5.57,802.20135
工作日,中国大陆/中国香港,1,0,1,0,1,0,0,0,0,0,0,2019,10,4,45,107.989619377163,3.9195925563776,-0.240544111640999,14990.67,23914.13,19954.46,8576.59,7139.14,6022.0,5305.56,7220.88,124103.7
工作日,美国/中国大陆,1,1,0,0,0,1,0,0,0,0,0,2019,10,4,41,167.947368421053,3.29300644250166,-0.0401094413973982,5628.55,5303.98,3718.23,1361.98,1165.85,1048.0,908.42,572.72,15589.464
工作日,中国大陆,0,0,0,0,1,0,0,0,0,0,0,2018,10,4,31,66.3713298791019,2.83501596628955,0.076923076923077,1272.39,2089.23,1548.48,462.21,397.11,375.54,275.93,248.36,4330.8438
工作日,中国大陆,1,0,0,0,0,0,0,0,0,0,0,2018,10,4,30,88.663282571912,2.68635129108163,-1.0,1087.3,733.28,339.19,104.28,74.05,57.81,47.69,6.01,784.118
国庆节,美国/中国大陆,0,0,0,0,0,0,0,1,0,0,0,2018,10,0,44,32.4010416666667,1.50802218512775,-7.85046229341887e-17,1248.19,917.58,802.15,677.79,635.16,616.6,600.57,19.63,666.7114
休息日,中国大陆,1,0,0,0,0,0,0,0,0,0,1,2018,10,4,61,87.6020408163265,3.3035250806095,0.0760448872560382,1919.89,1606.67,1506.31,848.43,922.81,1026.07,998.89,1285.86,17422.232
工作日,中国大陆,0,0,1,1,0,0,0,0,0,0,0,2018,10,2,22,42.9847198641766,2.81140557867107,0.0616580786538257,123.52,171.76,25.99,32.19,21.88,10.8,8.88,9.5,691.6098
工作日,中国大陆,1,1,0,0,0,0,0,0,0,0,0,2018,10,4,31,40.4828178694158,1.7756848332187,0.111625684166868,518.06,446.97,299.88,138.67,152.83,120.53,65.51,6.98,661.98413
休息日,中国大陆/法国,1,0,0,1,1,0,0,0,0,0,0,2018,12,0,31,128.222413793103,3.09272799420896,-0.0181756641537621,26277.65,1123.4,186.56,130.44,25.96,41.52,30.4,18.36,11791.877
工作日,法国/中国大陆/日本/美国,0,0,0,0,0,0,1,0,0,0,0,2018,12,4,30,48.8159722222222,3.27397049074351,-0.109619879934328,274.23,856.35,817.02,65.82,45.67,43.52,40.13,10.76,619.1003
工作日,中国大陆,1,0,0,0,0,0,0,0,0,0,0,2018,12,1,38,36.7546531302877,1.56589950286139,-0.203534426380353,405.18,202.98,145.09,33.67,44.68,30.49,10.27,28.81,919.8481
工作日,中国大陆,0,1,0,0,0,0,0,1,0,0,0,2018,12,5,32,54.2371134020619,1.41468362051212,0.0,6474.85,3417.63,2256.59,1428.92,458.73,348.89,78.22,114.23,667.0147
工作日,中国大陆,1,0,0,0,0,0,0,0,0,0,1,2018,12,4,30,113.370307167235,3.62610067930012,-0.142857142857143,382.07,562.1,537.94,257.1,291.17,324.62,363.44,135.61,2268.2942
工作日,中国大陆,0,0,0,0,0,0,1,0,0,0,0,2018,12,4,31,46.45,1.98012004315731,0.0037646839121743,3841.0,2746.41,1965.2,1235.36,1145.03,567.73,473.92,244.76,9768.279
工作日,中国大陆,0,0,0,0,0,0,1,1,0,0,0,2018,12,5,30,37.7068965517241,1.26421425225008,-0.25,2393.52,1272.53,766.4,355.88,82.77,69.35,15.72,22.7,1379.3152
工作日,中国大陆/中国香港,0,0,0,0,0,0,1,0,0,0,0,2018,12,4,31,42.6786941580756,1.62064587332937,-1.30841038223648e-17,1663.28,2100.04,1488.96,781.67,789.14,434.31,364.83,158.8,1020.0091
休息日,中国大陆,1,1,0,1,0,0,0,0,0,0,0,2023,6,5,26,60.972972972973,2.98923829002841,0.140997842054913,318.14,116.37,42.31,36.63,30.39,28.31,5.91,7.51,882.336
工作日,中国香港/中国大陆,1,0,0,0,0,0,0,0,0,0,1,2023,6,2,29,64.0392491467577,2.20289094824536,-0.171288125160008,745.06,1550.47,934.39,445.17,123.53,76.3,60.45,49.44,761.3554
端午节,中国大陆,0,0,1,1,0,0,0,0,0,0,0,2023,6,3,98,70.5053475935829,2.69867281921234,0.0,15924.4,18399.41,16508.21,15394.93,16983.93,19039.85,20181.69,19980.66,301700.72
工作日,中国大陆/中国香港,0,1,0,0,0,0,1,0,0,0,0,2018,1,4,32,35.7652173913043,1.81730336978938,-0.0486486486486484,2099.1,802.88,431.58,157.84,125.12,107.18,57.13,11.09,879.3389
工作日,中国大陆,0,0,0,0,0,0,1,0,0,0,0,2018,1,4,20,21.9170984455959,1.49722947925699,0.201062879185881,71.81,53.5,45.75,28.3,29.94,30.83,17.58,6.26,563.2437
工作日,中国大陆/澳大利亚,0,1,0,0,0,0,0,1,0,0,0,2018,1,4,27,39.0188356164384,1.66459206985731,-0.0545198882691832,2076.24,1167.51,672.42,278.39,214.18,192.11,154.35,19.89,765.99634
工作日,美国/中国香港,1,0,0,0,0,0,0,0,0,0,1,2018,1,4,27,68.5740740740741,3.9741617407312,0.0049847662641373,1616.72,2099.39,1745.09,734.48,798.68,831.34,800.12,671.13,943.15265
工作日,中国大陆/中国香港,1,1,0,0,0,0,0,0,0,0,0,2018,1,3,28,59.5866209262436,2.5545176788212,0.0967620813882772,1013.49,2135.66,1145.5,772.07,339.01,262.64,221.02,193.56,652.7895
工作日,中国大陆,1,0,0,0,0,0,0,1,0,0,0,2021,8,4,29,35.4584775086505,2.23026034039407,-0.1591709755626,129.93,141.14,129.96,70.28,61.52,54.19,46.65,6.66,664.13324
工作日,中国大陆,0,0,0,0,1,0,1,0,0,0,0,2021,8,4,30,34.1686746987952,1.28637568646844,0.0162737527367118,503.61,1561.41,304.62,119.98,91.13,68.03,56.98,14.35,558.5322
工作日,中国大陆,1,0,0,0,0,0,0,0,0,0,0,2021,8,4,30,62.4003436426117,1.82975982342955,0.13278772654064,711.1,479.64,332.69,166.63,115.72,79.25,66.18,14.81,603.0744
休息日,中国大陆,1,0,1,0,0,0,0,0,0,0,1,2021,8,5,31,91.6799307958478,3.05890642239747,0.0927106114080432,1345.63,405.32,192.56,158.52,137.03,120.46,42.78,49.23,510.92197
工作日,中国大陆,0,0,0,0,0,0,0,0,0,0,0,2019,7,4,31,32.6923076923077,3.07646092459533,-0.173492796221029,612.41,769.5,762.48,189.81,162.77,143.04,133.38,29.43,746.84564
工作日,中国大陆,0,0,0,0,1,0,0,0,0,0,0,2019,7,4,28,48.4461538461538,2.76559596911878,0.0050381885884956,947.32,352.83,229.73,86.24,66.03,53.15,7.08,1.84,603.0463
工作日,中国大陆,1,0,0,0,0,0,0,0,0,0,0,2019,7,3,73,94.6525423728814,2.33331967127427,0.131578947368421,6471.38,6712.58,10024.41,10248.1,5191.11,4791.5,4457.83,4160.47,60665.758
工作日,中国大陆/泰国/马来西亚,0,0,0,1,0,0,0,0,0,0,0,2019,7,4,55,37.1816638370119,2.70600802595257,0.0,316.14,249.79,196.15,155.72,135.23,129.95,100.58,35.2,724.6316
工作日,中国大陆,1,0,0,0,0,0,1,0,0,0,0,2019,7,4,27,63.2849829351536,2.21174887991625,-0.197902949951648,2010.22,775.32,493.37,187.47,149.66,129.86,17.59,12.35,597.4819
工作日,中国大陆,1,0,0,0,0,0,1,0,0,0,0,2019,7,4,93,109.011925042589,3.22957730252058,-0.0487470142049659,14449.04,23213.9,28844.37,18924.21,19475.5,19725.15,17860.9,20300.19,406112.56
工作日,中国香港/中国大陆,1,1,1,0,0,0,0,0,0,0,0,2019,7,1,30,44.1139896373057,1.48733521834006,-0.0546381965604412,1046.42,410.8,230.99,39.34,34.18,27.67,13.15,13.46,1033.3164
休息日,中国大陆,0,0,0,0,0,0,1,0,0,0,0,2022,12,5,31,59.5655877342419,2.18719538572768,0.117027300698538,6369.56,3783.06,2010.99,1000.66,920.08,897.33,944.02,1533.03,17633.393
休息日,中国大陆/中国台湾/中国香港,0,0,0,1,1,0,0,0,0,0,0,2022,12,5,61,76.2392426850258,2.88464132837043,-0.0394512510744769,3526.05,2841.45,1177.34,1059.13,1003.74,1013.66,1420.55,7375.53,25314.004
工作日,中国大陆,0,1,0,0,0,0,0,0,0,0,0,2022,12,4,22,39.7125850340136,1.95770343249565,-0.106484569642059,29.15,99.71,134.79,87.24,20.55,19.17,18.23,11.67,539.1657
工作日,中国大陆,1,0,0,0,0,0,0,0,0,0,0,2017,6,1,61,68.4795221843003,3.46858922854781,0.0,175.21,208.87,249.07,157.16,371.09,534.81,412.87,548.8,4970.7266
工作日,中国大陆,0,1,0,0,0,1,0,0,0,0,0,2017,6,3,31,50.3044982698962,2.31402154545528,0.192307692307692,1799.6,3398.76,3627.92,3104.77,1739.17,1569.41,1437.61,1033.0,13409.493
工作日,中国大陆,0,0,0,0,0,0,0,0,0,0,0,2017,6,4,56,58.1372212692967,3.69442889380341,-0.118841751187742,261.42,428.18,486.16,210.44,218.34,210.56,174.12,71.52,2538.114
工作日,中国大陆,1,1,1,0,0,0,0,0,0,0,0,2017,6,4,29,46.4760273972603,2.99082708705272,-0.0686950729774941,210.61,152.17,148.47,115.91,111.59,107.94,102.71,92.04,578.8818
工作日,美国/中国大陆/加拿大,0,1,0,0,0,1,0,1,0,0,0,2017,6,4,31,52.2695652173913,2.04508996167109,0.0,28959.21,31683.66,22311.17,8509.13,6893.21,6071.75,5298.94,5931.49,115545.61
工作日,中国大陆,1,0,0,0,0,0,1,0,0,0,0,2018,5,4,31,31.0275387263339,2.60550032311707,1.0,628.87,740.51,1096.02,240.32,219.19,205.5,180.18,18.49,686.163
工作日,中国大陆,0,0,0,0,1,0,1,0,0,0,0,2018,5,4,61,55.6281833616299,3.31756825867151,-0.0168149035005842,5012.04,7119.87,11364.88,3815.3,3270.72,3029.96,2846.41,3580.14,60143.28
工作日,中国大陆,1,0,1,1,0,0,0,0,0,0,0,2017,3,4,30,46.9100169779287,2.39540703144511,0.189359530157848,116.22,81.43,51.88,25.35,25.67,21.92,19.31,4.14,529.1513
工作日,中国大陆/中国台湾/中国香港,0,1,1,0,0,0,0,0,0,0,0,2017,3,4,30,45.2089810017271,1.98791423922596,-0.0318367567403291,1657.39,1355.46,1435.75,1433.31,1082.85,465.51,425.85,267.54,2892.694
工作日,中国大陆,1,1,1,0,0,0,0,0,0,0,0,2017,3,4,30,53.8793103448276,2.96650535176227,-0.0483870967741935,1434.84,2106.36,2332.33,2396.38,1794.36,787.18,726.07,595.82,5296.149
工作日,中国大陆,0,0,0,0,0,0,1,0,0,0,0,2017,3,4,30,24.4947916666667,1.19064193290858,5.88153239487548e-17,1922.59,1704.14,1278.73,437.34,401.19,354.63,344.72,78.66,685.7805
工作日,中国大陆,0,0,0,0,0,0,0,0,0,0,0,2017,3,4,31,24.9542483660131,1.29218777226815,-0.5,112.86,125.02,83.82,57.12,52.7,63.52,41.79,3.97,613.4085
工作日,中国大陆,1,0,1,1,0,0,0,0,0,0,0,2017,3,4,34,63.8932874354561,2.94684315274398,0.136107911071962,4654.87,4713.5,6641.21,6541.72,4314.98,1661.57,1423.25,1576.69,20861.094
休息日,中国大陆,0,0,0,0,0,1,1,1,0,0,0,2023,7,5,82,33.2753872633391,2.56247540751663,0.0725055655075663,1235.24,1255.77,255.43,205.76,170.56,153.83,100.37,433.32,1401.8711
工作日,中国大陆,1,0,0,0,0,0,1,0,0,0,0,2023,7,4,62,107.193220338983,3.52330968715196,-0.852141789680739,7560.73,9036.19,9175.68,5295.8,5174.9,4791.69,4416.33,4298.19,77105.51
工作日,中国大陆,0,1,0,0,0,0,0,0,1,0,0,2023,7,3,141,103.456998313659,3.11159104190214,-0.0126180036069979,4913.02,5860.79,11343.22,13040.93,7878.85,7941.44,7867.87,7657.25,220870.2
休息日,中国大陆,0,0,0,0,0,0,0,0,0,0,0,2023,7,5,30,38.1489795918367,3.38519847659932,0.407907016987444,190.95,113.18,18.21,17.53,15.27,17.15,16.26,29.01,607.9255
工作日,中国大陆,1,1,0,0,0,0,0,0,0,0,0,2023,7,3,84,108.886632825719,3.61001687386853,0.109522145561491,6455.87,8175.59,13465.47,16890.68,8518.84,7703.71,7325.06,7019.83,159587.64
休息日,中国大陆,0,0,0,0,0,0,0,0,0,1,0,2023,7,5,92,117.159932659933,3.45478905630147,0.0897763598101136,8850.96,9049.49,4437.8,4139.93,4012.67,4427.14,5131.9,11736.82,154342.38
工作日,中国大陆/中国香港,1,1,1,0,0,0,0,0,0,0,0,2023,7,3,31,84.1603448275862,2.4475499192798,-0.0297884888506187,4395.24,4521.2,4597.27,3865.07,1929.39,1648.18,1447.9,1274.12,15301.776
工作日,中国大陆,0,0,0,0,1,0,1,0,0,0,1,2022,1,4,24,78.7568027210884,3.53227478050784,0.0526169519278475,194.96,185.42,165.98,117.71,104.6,96.26,82.17,77.89,601.94824
元旦,中国大陆,0,0,0,0,0,0,1,0,0,0,0,2022,1,5,30,41.6330434782609,1.92753001867027,0.0478956276657465,10263.45,7495.48,4786.79,1766.66,1408.54,1236.19,1451.4,2188.64,33376.188
工作日,中国台湾,1,0,0,0,1,0,0,0,0,0,0,2023,8,1,30,52.203233256351,2.26380073662477,0.0,1046.02,64.47,33.57,6.96,7.31,6.17,4.83,3.88,522.4744
工作日,中国大陆,0,1,1,0,0,0,0,0,0,0,0,2023,8,4,31,88.1285956006768,2.99762995433788,-0.0462450724994221,913.79,588.79,440.77,210.16,176.79,73.48,68.53,75.55,1786.7101
工作日,中国大陆,1,0,0,0,0,0,1,0,0,0,0,2023,8,4,60,77.3042735042735,2.5579829994309,-0.0393830831942217,4693.55,6414.04,5837.08,3230.32,6015.86,3042.3,2615.03,2603.94,43983.42
工作日,中国大陆,1,0,1,1,0,0,0,0,0,0,0,2023,8,4,34,92.8061749571184,2.60603387812128,-0.0131849854473377,1172.08,1223.46,915.73,466.59,381.13,171.14,159.87,94.17,518.2503
工作日,中国大陆,1,0,0,0,1,0,0,0,0,0,0,2023,8,1,37,110.558419243986,2.5960555374501,0.198603829033472,1529.81,194.55,168.64,76.57,101.3,84.33,57.88,67.86,900.081
工作日,中国大陆,1,0,0,0,0,0,0,0,0,0,0,2020,9,4,27,101.641996557659,3.26154264238023,-0.216605427831636,5530.99,7098.9,4276.05,2975.57,2985.86,5229.55,4441.66,5895.21,58465.96
工作日,中国大陆,0,0,0,0,0,0,0,0,1,0,0,2020,9,4,29,62.777397260274,3.45862249250655,0.0,110.86,118.36,101.94,49.19,35.86,34.41,30.9,18.63,530.548
休息日,中国大陆,1,0,0,0,0,0,0,0,0,0,0,2020,9,6,46,48.1775862068965,3.77167395572448,0.0,23.65,34.6,40.3,57.22,63.71,94.15,30.07,17.05,2492.8828
国庆节,中国大陆,1,0,0,0,0,0,0,1,0,0,0,2022,10,0,40,50.8344827586207,1.81993681145133,0.0255265387275545,485.95,173.71,107.86,77.17,52.59,30.27,31.01,22.61,502.09506
国庆节,中国大陆,0,0,0,0,0,0,1,0,0,0,1,2022,10,5,75,32.0290598290598,1.85362555222855,0.10889600424724,1346.58,1177.32,1068.91,940.05,826.74,732.59,589.17,35.72,731.0441
工作日,美国/法国/英国/中国香港/中国台湾/马耳他/西班牙/加拿大,0,1,0,0,0,1,0,1,0,1,0,2017,2,4,29,55.3091537132988,2.47375232964065,0.0222716696673711,4029.06,4655.3,3045.6,1054.4,935.34,744.39,620.69,122.79,3852.169
工作日,中国大陆,0,0,0,0,1,0,1,0,0,0,0,2017,2,1,28,36.3240901213172,2.42360159193978,-0.220029369571369,3420.14,517.15,578.11,237.27,292.6,235.61,127.49,123.37,4570.598
工作日,中国大陆,1,1,0,0,0,0,0,0,0,0,0,2017,2,4,35,38.279792746114,2.1236005995308,-0.112903225806452,472.75,555.83,622.71,445.59,322.83,316.92,332.83,556.23,1428.2684
工作日,中国大陆,0,1,0,0,0,0,1,0,0,0,0,2017,2,4,29,32.6200345423143,1.73897049295077,0.0,2645.01,1669.7,1568.73,917.44,758.36,644.82,633.51,196.77,5045.559
工作日,美国/德国/法国/加拿大/南非/澳大利亚/英国/日本/中国大陆,0,1,0,0,0,1,0,0,0,0,0,2017,2,4,32,53.6187175043328,3.13821851021397,0.0,21383.19,25078.73,17466.92,6383.97,5078.66,3968.78,3248.09,3236.75,68365.19
春节,中国大陆,1,0,0,0,0,0,1,0,0,0,0,2024,2,5,26,89.8364249578415,3.2899652322684,-0.0798053376665017,42355.85,32224.6,30386.38,28123.56,36375.43,26330.39,24740.1,19827.46,286057.44
春节,中国大陆,1,0,0,0,0,0,1,0,0,0,1,2024,2,5,26,73.0873949579832,3.58263696690494,-0.0274946983113279,19538.64,13576.51,13698.58,14272.25,18565.69,17539.76,19380.18,17660.46,190969.86
春节,中国大陆,1,0,0,0,0,0,1,0,0,0,0,2024,2,5,26,110.733108108108,3.48982788241919,-0.0439331593918396,41773.45,36985.38,36836.33,35063.98,43027.85,30379.72,27592.87,20744.61,322954.0
春节,中国大陆,0,0,0,0,0,1,1,0,0,0,0,2024,2,5,26,67.0757314974182,3.39401805248818,-0.007792769572537,23402.45,19990.81,18254.47,16469.53,17657.7,15753.77,14986.78,12699.84,170439.89
工作日,中国大陆,0,0,0,0,1,0,1,0,0,0,0,2017,10,4,24,35.6492146596859,3.09551769170271,0.214605361189714,109.48,122.96,76.81,20.51,26.62,20.82,19.53,14.92,489.22305
工作日,中国大陆,0,0,0,0,1,0,0,0,0,0,0,2017,10,4,27,31.73828125,1.50843134997557,-0.0547192820718543,167.05,61.94,39.59,18.3,13.46,12.98,8.14,0.82,541.24634
工作日,中国大陆,0,0,0,0,1,0,1,0,0,0,0,2017,10,4,31,32.2730434782609,1.63204473055369,0.0,498.08,308.1,212.74,77.02,58.06,55.52,40.28,10.01,662.3092
国庆节,中国大陆,0,1,0,0,0,1,0,0,0,0,0,2017,10,6,31,22.0069808027923,1.16150372711293,0.0466957216432426,943.43,619.68,536.99,429.86,376.69,360.85,333.97,315.66,1451.4276
工作日,中国香港/中国大陆,0,0,1,1,0,0,0,0,0,0,0,2017,10,4,30,46.139175257732,2.58251896511154,0.252880720222402,1022.78,809.96,613.55,330.66,403.75,291.84,239.57,62.52,1011.4541
工作日,中国大陆,0,0,0,0,1,0,0,0,0,0,0,2019,11,4,30,43.0103448275862,1.99896373632914,-2.61682076447296e-17,1448.89,1335.3,788.67,166.5,130.71,110.5,80.83,11.13,1817.482
工作日,中国大陆,1,0,0,1,0,0,1,0,0,0,0,2019,11,4,29,91.2393887945671,3.88156213772327,-0.183379638945504,215.56,180.34,110.55,43.14,35.79,34.29,24.4,3.14,656.49316
工作日,中国大陆,0,0,0,0,1,0,0,0,0,0,0,2019,11,4,20,73.1310344827586,2.23834407293537,0.0914193529351235,726.03,716.02,634.66,301.85,35.97,11.33,10.17,1.19,614.7139
工作日,中国大陆,1,0,0,0,0,0,1,0,0,0,0,2019,11,4,62,67.428813559322,2.57658311785199,-0.183738801841013,4608.26,5156.68,4078.16,1646.65,1514.88,1402.61,1144.71,302.93,18038.723
工作日,中国大陆,0,1,0,0,0,0,0,0,0,0,0,2019,11,4,28,49.0221088435374,2.12634632829179,0.0,551.9,332.92,168.53,64.57,48.0,40.8,23.82,2.23,544.51117
工作日,中国大陆,1,0,0,0,1,0,0,0,0,0,0,2019,11,4,45,69.5170068027211,2.15846436867765,0.0255016368969708,2906.84,3556.67,2797.66,1625.17,1468.52,1342.46,1188.32,935.43,16512.938
工作日,中国大陆/中国香港/加拿大/美国,1,0,0,0,0,0,0,0,1,1,0,2019,11,4,60,86.7309644670051,3.63315388191689,0.0119469310269421,2949.29,4606.71,3422.18,1484.3,1423.35,1301.1,1162.64,890.37,18378.602
春节,中国大陆,0,0,0,0,0,1,0,1,0,0,0,2019,2,1,89,120.63275862069,3.22868089570203,-1.0,19075.19,26087.36,34241.2,38663.49,41883.67,41907.63,34291.64,25946.81,407316.56
春节,中国香港/中国大陆,1,0,1,1,0,0,0,0,0,0,0,2019,2,1,45,54.2366148531952,2.2565431579511,0.0106473225716315,5698.25,1847.33,997.25,468.83,405.91,361.69,274.56,223.01,2867.6404
春节,中国大陆/英国,0,0,0,0,0,0,0,0,0,0,1,2019,2,1,29,43.8186528497409,1.89953953328176,-0.0027993364883374,5884.06,2260.36,1310.32,768.92,584.96,500.59,280.51,179.63,2958.3225
春节,中国大陆,0,0,0,0,0,0,1,1,0,0,0,2019,2,1,62,49.9641638225256,3.48694825283786,-3.92523114670944e-17,7408.94,8356.53,7779.83,6919.23,6392.23,5647.86,4246.37,2946.0,54476.6
春节,中国大陆,0,1,0,0,0,0,1,0,0,0,0,2019,2,1,30,49.9827288428325,1.49836922938131,-0.0087091441850826,6647.9,2946.16,1492.82,742.07,628.14,533.28,341.35,265.97,11817.496
春节,中国大陆,0,0,0,0,0,1,1,0,0,0,0,2019,2,1,31,83.6309523809524,2.68652872555306,0.0884146869257244,41026.25,28719.01,24021.13,19980.16,17529.41,14928.95,11100.54,7868.3,173150.67
工作日,中国台湾/中国大陆,0,0,0,0,1,0,1,0,0,0,0,2019,2,3,35,60.1560891938251,2.06394762006714,0.0595640356541494,9152.06,1516.76,1326.73,1117.18,797.61,831.15,623.13,541.28,15527.068
工作日,中国大陆,0,0,0,0,0,0,1,0,0,0,0,2021,3,4,28,46.7517123287671,1.75718568346333,-0.010210217937626,664.43,715.45,402.7,58.23,36.48,28.92,26.42,2.77,639.3997
工作日,中国大陆/中国香港,0,0,0,0,1,0,1,0,0,0,0,2021,3,4,28,49.5528596187175,1.84487843679773,0.0077548150321203,369.44,276.76,232.35,45.7,35.56,32.85,29.39,5.59,1029.2802
工作日,中国大陆,0,0,0,0,0,0,1,0,0,0,0,2019,8,4,48,46.4829351535836,2.26261748707691,1.00959393175308,2555.13,1875.21,1402.81,794.13,732.8,566.23,238.58,63.76,11210.112
工作日,中国大陆,1,0,0,0,0,0,0,0,0,0,0,2019,8,4,30,57.1373913043478,2.23317976563073,0.215287820916578,939.22,582.24,370.24,149.09,125.71,108.37,90.17,8.05,518.2477
工作日,中国大陆,1,0,0,0,0,0,0,0,0,0,0,2019,8,4,45,97.1107266435986,3.45004875097696,0.168582075798318,224.08,284.47,330.64,250.96,286.76,289.32,264.86,75.94,720.1612
工作日,中国大陆,1,0,0,0,0,0,0,0,1,1,0,2019,8,3,158,59.1549053356282,4.01243770146664,0.0,584.83,318.39,165.65,129.74,135.19,147.9,66.8,57.03,501.3328
工作日,中国大陆,1,0,0,1,0,0,0,0,0,0,0,2019,8,4,31,56.5675213675214,2.57742393495148,0.0,655.47,431.37,339.9,194.42,158.16,143.43,124.55,11.7,562.75684
工作日,俄罗斯/中国大陆/美国,0,1,0,0,0,0,0,1,0,0,0,2019,8,4,30,44.5930434782609,1.84905516785174,-0.133482003709078,844.0,441.9,269.33,129.38,110.59,82.84,63.84,3.63,545.0212
工作日,中国大陆,1,0,0,0,0,0,0,0,0,0,0,2019,8,4,30,62.589527027027,1.7510540458906,0.0653068144192104,3488.66,1771.7,1238.28,590.34,436.44,355.34,291.65,36.59,836.0195
春节,中国大陆,0,0,0,0,0,0,0,1,0,0,0,2022,2,1,58,34.8581081081081,3.46638127749809,-0.0329638478314377,732.0,346.47,321.51,120.5,111.76,110.81,51.9,39.5,604.66565
休息日,中国大陆,1,0,0,0,0,0,0,0,0,0,0,2022,2,5,114,54.1438596491228,2.63544060975054,-1.15145140419042,1958.48,1432.9,182.44,120.4,100.32,88.49,108.88,546.09,788.6533
工作日,中国大陆,0,0,0,0,1,0,1,0,0,0,0,2022,2,0,89,44.5934256055363,2.0368109701523,0.0286821268206599,5869.92,759.48,505.36,379.68,364.88,336.37,261.03,146.28,4453.9766
春节,中国大陆,0,1,0,0,1,0,1,0,0,0,0,2022,2,1,61,74.106529209622,2.78150538622997,0.107222354313867,22735.82,10643.33,6216.01,3415.18,2525.91,1890.3,1035.37,745.94,42304.484
春节,中国大陆/中国香港,1,0,0,0,0,0,0,0,1,1,0,2022,2,1,333,66.9200680272109,3.77451355075055,-0.183069394298639,64113.07,47219.95,43948.33,35855.35,33377.22,28870.56,18889.9,14329.63,335303.62
春节,中国大陆,0,0,0,0,0,0,1,0,0,0,0,2022,2,1,124,57.19795221843,3.32299340836272,-0.205964521052679,10578.66,10576.74,10244.83,9002.76,8323.46,7542.32,5016.04,4084.34,70720.7
春节,中国大陆,0,0,0,0,0,0,1,0,0,0,0,2022,2,1,177,69.3206896551724,2.8934275249707,0.0556536598637439,21428.87,21520.59,24894.81,24710.27,24791.46,21670.6,14130.51,10861.29,222946.61
春节,中国大陆,0,0,0,0,0,0,1,0,0,0,0,2022,2,1,117,55.1589743589744,3.54158526497722,-0.118968096655193,2599.08,1340.75,1265.9,1124.1,1131.55,1240.44,882.19,757.57,11516.338
工作日,中国大陆,0,1,1,0,0,0,0,0,0,0,0,2019,1,3,25,66.9724137931034,2.75995326681613,0.18902678125663,1480.14,2935.27,4260.52,3857.01,2056.24,1991.43,1962.58,1907.88,25354.45
工作日,美国/中国大陆,0,1,0,0,0,1,0,1,0,0,0,2019,1,4,57,75.9126712328767,3.22399580802842,-0.0930092607059339,11102.01,16170.56,12700.81,4419.24,3940.95,3575.52,3247.4,4422.9,83709.44
工作日,中国大陆/美国,0,0,0,0,1,0,0,0,0,0,0,2019,1,4,58,86.3701188455009,3.46114984921081,0.121488993055237,1028.4,1454.37,1598.32,972.68,1141.43,1355.56,1521.42,1403.92,32351.176
工作日,中国大陆,0,0,0,0,0,0,0,0,0,0,1,2019,1,4,31,139.254266211604,4.14898527589959,-1.33226762955019e-15,71.26,106.49,132.96,81.46,81.61,73.2,59.04,26.2,617.19855
工作日,中国大陆,0,0,0,0,0,0,0,1,0,0,0,2021,7,4,90,100.720067453626,3.16698583415192,0.0496070588959225,5989.72,6958.07,6353.17,3292.26,2827.73,2491.48,2065.48,1693.69,40627.117
工作日,中国大陆,0,0,0,0,0,0,0,1,0,0,0,2021,7,4,31,49.6598984771574,2.07303251867917,0.0,536.68,1006.25,959.87,312.07,271.75,240.92,215.29,35.99,1210.1986
工作日,中国大陆,1,0,0,0,0,0,0,0,0,0,0,2021,7,4,62,109.351351351351,3.49429210599721,0.0662725205070884,5198.77,4510.19,3689.26,1795.49,1480.46,1258.99,1041.62,984.68,28565.346
工作日,中国香港/中国大陆,0,1,1,0,0,0,0,0,0,0,0,2021,7,4,93,102.493220338983,3.75154170917891,-0.0452324063659084,5876.0,8169.53,8621.93,4645.82,4127.65,3601.29,3105.77,3362.35,105952.44
休息日,中国大陆,0,0,0,0,0,0,0,1,0,0,0,2021,7,5,59,41.1722488038277,4.02095083851715,-0.126762403641522,463.05,271.15,64.08,53.82,45.58,38.96,20.33,81.59,570.12134
休息日,中国大陆,0,0,0,0,0,0,1,0,0,0,0,2021,7,5,33,52.7975986277873,1.91795122817391,0.217393065384402,4512.83,3184.54,1585.05,1268.95,1062.11,913.45,547.87,823.92,2301.1614
工作日,中国大陆,1,0,0,0,0,0,0,0,0,0,0,2021,7,4,83,60.1518771331058,3.81097596033805,-0.084266448633737,9389.65,12061.01,13415.84,7341.18,6626.42,6037.06,5292.97,6423.49,119415.53
工作日,中国大陆,1,0,0,0,0,0,0,0,0,1,0,2021,7,3,79,76.7397959183673,4.13230076786008,0.239990299684672,1558.49,1480.72,2160.72,1780.77,745.25,726.92,715.52,661.2,10387.475
工作日,中国大陆,1,0,1,0,0,0,0,0,0,0,0,2021,11,4,42,69.2530329289428,2.30947354771099,0.074446232255286,3978.34,5822.68,2968.05,979.67,899.04,768.91,684.75,934.32,9966.217
工作日,中国大陆,1,0,0,0,1,0,0,0,0,0,0,2021,11,4,29,71.1610169491525,2.85260647790359,-0.052597291455547,632.78,1057.52,638.83,267.67,235.85,212.24,143.41,76.54,1460.9265
工作日,中国大陆,1,0,0,0,0,0,0,0,0,0,0,2021,11,4,29,97.9812606473594,2.91884503616194,-0.0512739607170342,302.5,306.4,253.54,93.13,68.96,57.19,43.0,6.03,666.6147
工作日,中国大陆,1,0,0,1,0,0,1,0,0,0,0,2021,11,3,81,88.4550084889644,3.552724065619,0.0,1177.76,2136.83,5151.01,5482.67,2524.73,2410.66,2277.88,2178.78,75927.61
休息日,中国大陆,0,0,0,0,0,0,1,1,0,0,0,2018,11,5,40,33.1872852233677,2.64878674978693,0.186592795124727,483.28,504.95,32.57,31.36,27.72,26.24,45.57,492.11,597.4584
工作日,中国大陆,1,0,0,0,1,0,0,0,0,0,0,2018,11,4,35,96.3807890222985,3.17474145469679,0.0,1325.88,1450.29,1261.66,649.01,638.29,605.59,569.97,233.94,3252.9236
工作日,中国大陆,1,1,0,0,0,0,0,0,1,0,0,2018,11,4,29,31.8512110726644,1.42315360767279,0.0,489.81,331.22,215.91,104.14,101.87,92.6,88.64,50.55,799.17584
工作日,中国大陆,0,1,0,0,0,0,0,0,1,0,0,2020,3,3,338,29.9931972789116,1.89139905445478,-0.192082948720247,0.0,4826.75,3119.72,3807.95,3948.98,5209.31,5388.17,3588.45,52012.844
休息日,中国大陆,0,0,0,0,0,0,0,0,0,0,0,2024,1,5,20,60.2297297297297,2.48434023902198,-0.0747976628395778,265.06,117.5,35.75,31.5,36.93,34.65,29.39,40.21,630.5645
工作日,中国大陆,0,0,0,0,0,0,0,1,0,0,0,2024,1,4,28,96.6141868512111,2.8135437567158,0.113969524320714,260.33,350.83,264.09,89.62,79.67,72.59,71.69,60.17,2445.7686
工作日,中国大陆/中国香港,0,1,1,0,0,0,1,0,0,0,0,2024,1,4,48,65.0137221269297,2.56254315235431,0.0353437483108965,2358.73,3488.58,2686.79,1188.48,1004.43,959.54,928.93,1012.56,18205.191
休息日,中国大陆,0,0,0,0,0,0,1,1,0,0,0,2024,1,5,34,49.3003355704698,3.38191250740835,-0.15224513031125,1740.41,712.89,13.31,12.13,12.18,13.47,10.41,102.53,839.3068
休息日,中国大陆,0,1,0,0,1,0,0,0,0,0,0,2024,1,5,20,45.6890034364261,1.63828393743715,-0.152098797218245,299.64,130.55,40.71,30.4,23.97,20.03,13.48,26.72,767.2005
休息日,中国大陆,1,0,0,0,0,0,0,0,0,0,0,2022,6,5,47,48.1838487972509,2.06083212611074,-0.155981678444331,2404.4,1477.65,941.75,815.35,747.05,600.74,599.42,617.46,3739.8047
工作日,中国大陆,0,0,0,0,1,0,0,0,0,0,0,2022,6,3,56,57.6943005181347,2.19461421800948,-0.0963602535806651,857.92,1860.12,1728.81,1191.5,707.77,652.02,562.56,558.5,7034.275
工作日,中国大陆/中国香港,1,0,0,0,0,0,0,0,0,0,1,2022,6,4,95,79.3050847457627,3.58867183869186,-0.241504274996453,4137.69,8399.94,8948.19,5763.26,6100.14,6421.73,6710.82,7759.54,140577.75
端午节,中国大陆/意大利/德国,0,0,0,0,1,0,0,0,0,0,0,2022,6,4,30,46.9316239316239,1.87894130457833,-0.152259954581633,690.98,374.3,186.87,88.62,70.54,62.91,56.65,14.98,502.5151
休息日,中国大陆/法国,0,0,0,0,0,0,1,1,0,0,0,2020,1,5,110,41.7986463620981,3.33080470256348,0.333333333333333,938.63,550.03,256.16,287.07,268.18,268.83,289.43,400.68,736.6022
工作日,中国大陆,0,0,0,0,1,0,0,0,0,0,0,2021,12,4,31,62.5335628227195,2.45133836829058,-0.108199629439796,7836.44,2962.07,1667.1,1064.97,723.18,644.81,598.78,549.48,12898.306
工作日,中国大陆,0,0,0,0,0,0,0,0,1,1,0,2021,12,4,45,47.9947735191638,4.12163393407026,0.122188529313392,542.92,714.45,717.61,653.25,656.45,689.83,408.2,424.92,6701.9014
工作日,中国大陆,0,0,0,0,0,0,0,0,0,0,0,2021,12,4,28,62.018675721562,4.04643260307131,0.0185774440237018,67.73,26.66,26.39,6.97,5.13,6.18,7.97,8.81,470.7133
工作日,中国大陆,1,0,0,0,0,0,1,0,0,0,0,2021,12,4,45,130.0,3.886089389502,-0.116879878313691,776.8,2207.6,1792.44,378.38,384.15,414.61,443.8,1159.35,21426.762
工作日,中国大陆,0,0,0,0,0,0,0,1,0,0,0,2021,12,4,28,68.580204778157,4.15258502466676,-0.0986366785819971,32.38,27.46,24.71,11.84,11.99,11.82,12.69,12.36,574.796
工作日,中国大陆,1,0,0,0,1,0,0,0,0,0,0,2021,12,4,31,47.721843003413,2.62407320644317,-0.0705716017252041,26735.21,16664.17,9875.37,5434.96,2337.51,1966.58,1644.98,1848.0,61979.508
工作日,中国大陆,0,0,0,0,1,0,0,0,0,0,0,2021,12,4,21,31.8474870017331,1.28166550253004,0.0,721.92,888.17,655.2,330.53,267.58,224.05,207.15,67.01,904.54626
工作日,中国大陆/中国香港,0,1,0,1,0,0,0,0,0,0,0,2018,7,4,48,79.9313893653516,3.38371928484993,0.0,11012.72,10084.32,8572.26,4194.93,3712.26,3397.11,3040.99,2038.84,45836.188
工作日,中国大陆,1,0,0,0,0,0,1,0,0,0,0,2018,7,3,87,78.73756432247,4.12822187489025,0.0,15974.99,24136.36,38567.83,38595.64,20707.35,17657.25,14771.5,13144.37,250580.08
休息日,美国/西班牙/中国大陆/韩国/中国香港,0,0,0,0,0,0,1,1,0,0,0,2018,7,5,36,32.9305882352941,2.34268858202245,0.0,1461.46,1060.36,325.81,294.42,288.43,286.04,118.87,375.56,745.59015
工作日,中国大陆,1,1,0,0,0,0,1,0,0,0,0,2018,7,4,30,85.1026086956522,3.01253033933294,-0.0216646024701008,12217.8,10691.32,8630.55,4313.2,3759.19,3330.11,2932.8,2091.8,39271.668
劳动节,中国台湾/中国大陆,0,0,0,0,1,0,0,0,0,0,0,2019,5,2,30,29.4142614601019,1.17508332649269,-0.0119683732711866,4872.66,2425.92,1600.71,1003.62,640.73,467.73,390.5,332.28,8074.8887
工作日,中国台湾,1,0,0,0,0,0,0,0,0,0,0,2019,5,4,34,59.725834797891,3.59132023917815,-0.0314504783474803,1031.34,1151.32,839.7,321.66,251.72,214.12,190.8,126.81,1259.2306
工作日,中国大陆/印度/中国香港/美国,1,0,0,0,0,0,1,0,0,0,1,2019,5,4,30,50.7585616438356,3.58456699443467,0.0,1916.27,3120.19,2708.31,2450.14,1075.61,889.74,785.69,784.23,9133.033
工作日,中国大陆,1,0,0,0,0,0,0,0,0,1,0,2019,5,2,79,37.4242424242424,2.81128833989431,-0.268503427616878,50.29,24.45,45.7,9.9,14.86,19.22,29.35,41.96,557.41315
工作日,中国大陆,1,0,0,0,0,0,0,0,0,1,0,2019,5,4,50,64.928813559322,3.44229846425978,-1.26351283597803e-16,186.16,72.11,83.4,33.69,33.35,34.44,37.0,40.96,867.29865
工作日,美国/日本/中国大陆/加拿大,0,1,0,0,0,1,0,1,0,0,0,2019,5,4,60,87.6752136752137,3.06195446428089,0.295585255722586,13555.03,21013.06,11326.56,3726.36,3044.45,2794.01,2464.09,6478.89,78669.516
工作日,中国大陆,1,0,0,0,0,0,0,0,0,0,0,2019,3,4,30,114.32252559727,3.9128999009099,-0.142857142857143,232.51,205.38,154.8,72.64,58.06,46.96,44.19,11.81,573.32294
工作日,美国/中国大陆,1,0,0,0,0,0,1,0,0,0,0,2019,3,4,60,106.096054888508,4.09799801200664,-0.0603582905030071,2537.8,4647.37,4300.66,1901.69,1960.12,1972.52,1875.42,3312.45,31404.75
工作日,中国大陆,1,0,0,0,0,0,0,0,0,0,0,2019,3,4,70,69.0655172413793,2.75204199281375,-0.0324713426448041,1691.91,3152.31,2990.92,1377.78,1392.29,1435.41,1394.61,1429.75,19974.357
工作日,中国台湾,0,0,0,0,1,0,0,0,0,0,0,2019,3,3,60,58.1213171577123,1.93795512182892,-0.316137039123812,1982.86,5341.44,11972.57,14066.92,10248.92,7958.75,6440.53,4869.53,72922.88
工作日,中国大陆/中国香港,0,1,0,0,0,0,1,1,0,0,0,2012,12,3,70,39.0495726495727,2.8987922237324,-0.0897653767257832,0.0,0.0,0.0,0.0,0.0,0.0,0.0,0.0,67396.83
工作日,中国大陆/美国,0,1,0,0,0,1,0,0,0,0,0,2020,7,4,42,48.9659284497445,2.44716811022977,0.130807597061003,519.14,717.26,718.06,388.05,344.8,306.9,284.22,164.46,1228.8011
工作日,中国大陆,1,0,0,0,1,0,0,0,0,0,0,2020,7,4,27,62.9576988155668,2.85752375097625,-0.332454381266619,949.26,729.01,437.32,104.57,84.67,71.66,59.26,25.31,642.249
工作日,中国大陆,1,0,0,0,0,0,0,0,0,0,0,2020,7,0,31,76.9982332155477,3.47802305235482,-0.166666666666667,152.12,99.49,64.04,43.18,27.48,27.03,22.28,6.71,678.8691
工作日,中国大陆,1,0,0,0,1,0,0,0,0,0,0,2023,2,1,28,23.4419410745234,1.11710452971783,-0.0194249485291017,1801.58,91.6,47.22,13.59,14.59,10.36,5.86,5.15,512.8845
工作日,中国香港/中国大陆,1,0,0,0,0,0,0,0,0,0,0,2023,2,4,84,102.022184300341,3.48185563876585,0.0,1364.05,2174.99,1925.11,815.86,765.98,696.26,624.3,776.73,8474.099
工作日,中国大陆,0,0,0,0,1,0,0,0,0,0,0,2023,2,1,45,47.0085178875639,2.85888441556008,-0.0302202303754197,3603.61,282.49,233.96,106.03,201.45,143.42,69.67,70.82,718.8745
休息日,中国香港/中国大陆,1,1,1,0,0,0,0,0,0,0,0,2023,2,6,46,105.956672443674,2.81460384355698,0.348381779558746,1487.43,421.22,174.76,146.1,135.98,147.47,193.23,164.77,671.3218
